{
   "directed": true,
   "multigraph": true,
   "graph": {},
   "nodes": [
      {
         "shpcountry": "Sirenareef",
         "dataset": "MC2",
         "id": "Tshimbua GmbH & Co. KG"
      },
      {
         "rcvcountry": "Azurionix",
         "dataset": "MC2",
         "id": "Caracola del Sol Services"
      },
      {
         "shpcountry": "Marebak",
         "dataset": "MC2",
         "id": "Marine Masterminds Dry dock"
      },
      {
         "rcvcountry": "Azurionix",
         "dataset": "MC2",
         "id": "Playa de la Luna Incorporated"
      },
      {
         "shpcountry": "Coral Solis",
         "dataset": "MC2",
         "id": "zh\u0101ng y\u00fa Ges.m.b.H. Solutions"
      },
      {
         "rcvcountry": "Azurionix",
         "dataset": "MC2",
         "id": "Portuguese Tuna Incorporated Marine"
      },
      {
         "shpcountry": "Marebak",
         "dataset": "MC2",
         "id": "Nile   S.A. de C.V."
      },
      {
         "shpcountry": "Merigrad",
         "dataset": "MC2",
         "id": "AquaBite Limited Liability Company Marine"
      },
      {
         "rcvcountry": "Azurionix",
         "dataset": "MC2",
         "id": "Mar del Este CJSC"
      },
      {
         "shpcountry": "Oceanus",
         "dataset": "MC2",
         "id": "Limpopo River  Limited Liability Company"
      },
      {
         "rcvcountry": "Oceanus",
         "dataset": "MC2",
         "id": "Bu yu wang LC"
      },
      {
         "shpcountry": "Mawazam",
         "dataset": "MC2",
         "id": "Bu yu wang NV"
      },
      {
         "rcvcountry": "Azurionix",
         "dataset": "MC2",
         "id": "Lake Chad  Company Ray"
      },
      {
         "shpcountry": "Rio Isla",
         "dataset": "MC2",
         "id": "Danish Shrimp Kga Solutions"
      },
      {
         "rcvcountry": "Azurionix",
         "dataset": "MC2",
         "id": "Sailors and Surfers Incorporated Enterprises"
      },
      {
         "shpcountry": "Rio Isla",
         "dataset": "MC2",
         "id": "Olas del Sur Sea"
      },
      {
         "rcvcountry": "Azurionix",
         "dataset": "MC2",
         "id": "Greek Sea Bass LLC"
      },
      {
         "shpcountry": "Calabrix",
         "dataset": "MC2",
         "id": "Kong zhong diao yu  NV Export"
      },
      {
         "rcvcountry": "Azurionix",
         "dataset": "MC2",
         "id": "Olas del Mar \u041e\u0410\u041e"
      },
      {
         "shpcountry": "Oceanus",
         "rcvcountry": "Oceanus",
         "dataset": "MC2",
         "id": "Estrella del Mar Seafarer"
      },
      {
         "rcvcountry": "Azurionix",
         "dataset": "MC2",
         "id": "-54"
      },
      {
         "shpcountry": "Solovarossa",
         "dataset": "MC2",
         "id": "Meris Current Corp Transportation"
      },
      {
         "rcvcountry": "Azurionix",
         "dataset": "MC2",
         "id": "Mar de Plata BV Marine"
      },
      {
         "shpcountry": "Arreciviento",
         "dataset": "MC2",
         "id": "Danish Plaice Ltd. Liability Co Logistics"
      },
      {
         "rcvcountry": "Azurionix",
         "dataset": "MC2",
         "id": "Arena del Mar Marine Marine biology"
      },
      {
         "shpcountry": "Isliandor",
         "dataset": "MC2",
         "id": "Lake Victoria Nile    Inc"
      },
      {
         "rcvcountry": "Oceanus",
         "dataset": "MC2",
         "id": "Dutch Bill  BV Marine"
      },
      {
         "shpcountry": "Nalakond",
         "dataset": "MC2",
         "id": "Coastal Charm GmbH Express"
      },
      {
         "rcvcountry": "Oceanus",
         "dataset": "MC2",
         "id": "Olas del Mar Worldwide"
      },
      {
         "shpcountry": "Kondanovia",
         "dataset": "MC2",
         "id": "Simien Mountains   Company Transport"
      },
      {
         "rcvcountry": "Azurionix",
         "dataset": "MC2",
         "id": "Kong zhong diao yu  Ges.m.b.H."
      },
      {
         "shpcountry": "Kondanovia",
         "rcvcountry": "Oceanus",
         "dataset": "MC2",
         "id": "Caracola Marina - Plc Enterprises"
      },
      {
         "shpcountry": "Kondanovia",
         "dataset": "MC2",
         "id": "The Salty Dog Oyj"
      },
      {
         "rcvcountry": "Azurionix",
         "dataset": "MC2",
         "id": "Punjab s A/S Marine"
      },
      {
         "shpcountry": "Marebak",
         "dataset": "MC2",
         "id": "Dutch Mussels Tidepool \u041e\u0410\u041e Express"
      },
      {
         "rcvcountry": "Azurionix",
         "dataset": "MC2",
         "id": "Pao gan LC Freight "
      },
      {
         "shpcountry": "Marebak",
         "dataset": "MC2",
         "id": "Mar y Luna Sagl"
      },
      {
         "rcvcountry": "Azurionix",
         "dataset": "MC2",
         "id": "Saltwater Supreme \u041e\u0410\u041e Forwading"
      },
      {
         "shpcountry": "Arreciviento",
         "dataset": "MC2",
         "id": "Mizoram  GmbH & Co. KG"
      },
      {
         "rcvcountry": "Azurionix",
         "dataset": "MC2",
         "id": "Portuguese Tuna A/S Cargo"
      },
      {
         "shpcountry": "Gavanovia",
         "dataset": "MC2",
         "id": "Telangana  Wakame CJSC United"
      },
      {
         "rcvcountry": "Azurionix",
         "dataset": "MC2",
         "id": "Arunachal Pradesh s Ltd. Corporation Coast"
      },
      {
         "shpcountry": "Alverossia",
         "dataset": "MC2",
         "id": "Estrella de Mar Consultants -"
      },
      {
         "rcvcountry": "Oceanus",
         "dataset": "MC2",
         "id": "Sikkim  Market Corporation Investment"
      },
      {
         "shpcountry": "Utoporiana",
         "dataset": "MC2",
         "id": "Icelandic Cod Pier \u041e\u0410\u041e Transport"
      },
      {
         "rcvcountry": "Azurionix",
         "dataset": "MC2",
         "id": "h\u01cei d\u01cen Corporation Wharf"
      },
      {
         "shpcountry": "Marebak",
         "dataset": "MC2",
         "id": "French Crab Pic Marine conservation"
      },
      {
         "rcvcountry": "Azurionix",
         "dataset": "MC2",
         "id": "-55"
      },
      {
         "shpcountry": "Vesperanda",
         "dataset": "MC2",
         "id": "Dry Creek Pic Marine biology"
      },
      {
         "rcvcountry": "Azurionix",
         "dataset": "MC2",
         "id": "Panope Limited Liability Company"
      },
      {
         "shpcountry": "Alverossia",
         "dataset": "MC2",
         "id": "Uttar Pradesh s CJSC"
      },
      {
         "rcvcountry": "Oceanus",
         "dataset": "MC2",
         "id": "Jammu & Kashmir  Ges.m.b.H. & Son's"
      },
      {
         "shpcountry": "Marebak",
         "dataset": "MC2",
         "id": "Mar del Oeste S.p.A. United"
      },
      {
         "rcvcountry": "Oceanus",
         "dataset": "MC2",
         "id": "Barents Sea Cod Oyj Marine"
      },
      {
         "shpcountry": "Kethilim",
         "dataset": "MC2",
         "id": "Marine Muse Ltd. Corporation"
      },
      {
         "shpcountry": "Utoporiana",
         "dataset": "MC2",
         "id": "Makumba Ltd. Liability Co"
      },
      {
         "rcvcountry": "Sol y Oceana",
         "dataset": "MC2",
         "id": "BlueWater Bistro Ltd. Liability Co"
      },
      {
         "shpcountry": "Coraland",
         "dataset": "MC2",
         "id": "Danish Mackerel S.A. de C.V."
      },
      {
         "rcvcountry": "Azurionix",
         "dataset": "MC2",
         "id": "Ancla del Este Merchants"
      },
      {
         "shpcountry": "Rio Isla",
         "dataset": "MC2",
         "id": "Lake Tana  N.V. Enterprises"
      },
      {
         "rcvcountry": "Azurionix",
         "dataset": "MC2",
         "id": "Dutch  Ltd. Liability Co Consultants"
      },
      {
         "shpcountry": "Marebak",
         "dataset": "MC2",
         "id": "River Gambia  Brine Pic Express"
      },
      {
         "rcvcountry": "Oceanus",
         "dataset": "MC2",
         "id": "Oc\u00e9ano del Este Corporation"
      },
      {
         "shpcountry": "Marebak",
         "dataset": "MC2",
         "id": "Tshikwea Ltd. Liability Co"
      },
      {
         "rcvcountry": "Oceanus",
         "dataset": "MC2",
         "id": "East Limited Liability Company Logistics"
      },
      {
         "shpcountry": "Oceanus",
         "dataset": "MC2",
         "id": "Arunachal Pradesh s A/S Transport"
      },
      {
         "rcvcountry": "Oceanus",
         "dataset": "MC2",
         "id": "Gulf of Guinea   Enterprises"
      },
      {
         "rcvcountry": "Azurionix",
         "dataset": "MC2",
         "id": "-56"
      },
      {
         "shpcountry": "Vesperanda",
         "dataset": "MC2",
         "id": "Mar de la Costa Company"
      },
      {
         "shpcountry": "Mawazam",
         "dataset": "MC2",
         "id": "Surf and Sea Seal Ltd Forwading"
      },
      {
         "shpcountry": "Kondanovia",
         "dataset": "MC2",
         "id": "French Crab S.p.A. Worldwide"
      },
      {
         "rcvcountry": "Oceanus",
         "dataset": "MC2",
         "id": "FinestSea Ltd. Corporation Enterprises"
      },
      {
         "shpcountry": "Faraluna",
         "dataset": "MC2",
         "id": "Tsha wamba S.A. de C.V."
      },
      {
         "rcvcountry": "Oceanus",
         "dataset": "MC2",
         "id": "Saltwater Solitude N.V. International"
      },
      {
         "shpcountry": "Oceanus",
         "dataset": "MC2",
         "id": "Estrella de Mar SE"
      },
      {
         "shpcountry": "Vientoro",
         "dataset": "MC2",
         "id": "Greek Sea Bass Co"
      },
      {
         "rcvcountry": "Azurionix",
         "dataset": "MC2",
         "id": "Eukrante Marine biology A/S Express"
      },
      {
         "shpcountry": "Alverossia",
         "dataset": "MC2",
         "id": "Deep Sea Divers Tom yum \u041e\u0410\u041e Marine sanctuary"
      },
      {
         "rcvcountry": "Oceanus",
         "dataset": "MC2",
         "id": "Okavango River  S.A. de C.V. Solutions"
      },
      {
         "shpcountry": "Merigrad",
         "dataset": "MC2",
         "id": "Nautical Navigators Limited Liability Company Holdings"
      },
      {
         "rcvcountry": "Azurionix",
         "dataset": "MC2",
         "id": "Uttarakhand  Market Limited Liability Company Nautical"
      },
      {
         "shpcountry": "Marebak",
         "dataset": "MC2",
         "id": "LLC Limited Liability Company"
      },
      {
         "rcvcountry": "Azurionix",
         "dataset": "MC2",
         "id": "The Salty Pearl Tsunami Corp Express"
      },
      {
         "rcvcountry": "Oceanus",
         "dataset": "MC2",
         "id": "Simien Mountains   Ltd. Liability Co"
      },
      {
         "shpcountry": "Merigrad",
         "dataset": "MC2",
         "id": "Chuan gou  N.V. Delivery"
      },
      {
         "shpcountry": "Vesperanda",
         "dataset": "MC2",
         "id": "Playa de Arena Submarine S.A. de C.V. Marine"
      },
      {
         "shpcountry": "Vesperanda",
         "dataset": "MC2",
         "id": "Mar de la Luna S.p.A."
      },
      {
         "rcvcountry": "Azurionix",
         "dataset": "MC2",
         "id": "Mar del Para\u00edso Corporation Logistics"
      },
      {
         "shpcountry": "Merigrad",
         "dataset": "MC2",
         "id": "Rajasthan  Market Sagl Express"
      },
      {
         "shpcountry": "Oceanus",
         "dataset": "MC2",
         "id": "Oceanic Oracle GmbH & Co. KG"
      },
      {
         "shpcountry": "Isliandor",
         "dataset": "MC2",
         "id": "Bah\u00eda del Sol SRL Solutions"
      },
      {
         "rcvcountry": "Azurionix",
         "dataset": "MC2",
         "id": "Madagascar Coast  AG Freight "
      },
      {
         "shpcountry": "Lumindoria",
         "dataset": "MC2",
         "id": "CoralCrest Limited Liability Company"
      },
      {
         "rcvcountry": "Oceanus",
         "dataset": "MC2",
         "id": "Belgian Scallop S.A. de C.V."
      },
      {
         "shpcountry": "Kondanovia",
         "dataset": "MC2",
         "id": "Caracola del Este Plc United"
      },
      {
         "shpcountry": "Utoporiana",
         "dataset": "MC2",
         "id": "Mar del Este Sp"
      },
      {
         "rcvcountry": "Azurionix",
         "dataset": "MC2",
         "id": "Ancla Azul Transportation Seafaring"
      },
      {
         "shpcountry": "Marebak",
         "dataset": "MC2",
         "id": "Delhi ers Ltd. Liability Co"
      },
      {
         "rcvcountry": "Oceanus",
         "dataset": "MC2",
         "id": "Mar de la Aventura Shipyard"
      },
      {
         "shpcountry": "Marebak",
         "dataset": "MC2",
         "id": "N\u00e1utica del Norte Kga Holdings"
      },
      {
         "rcvcountry": "Azurionix",
         "dataset": "MC2",
         "id": "Sea Breezes GmbH & Co. KG Shark"
      },
      {
         "shpcountry": "Puerto Sol",
         "dataset": "MC2",
         "id": "Arunachal Pradesh s &"
      },
      {
         "rcvcountry": "Azurionix",
         "dataset": "MC2",
         "id": "-40"
      },
      {
         "shpcountry": "Sol y Oceana",
         "dataset": "MC2",
         "id": "Tripura  BV and Son's"
      },
      {
         "rcvcountry": "Azurionix",
         "dataset": "MC2",
         "id": "-57"
      },
      {
         "shpcountry": "Sol y Oceana",
         "dataset": "MC2",
         "id": "Kilimajaro Slopes   N.V. Logistics"
      },
      {
         "shpcountry": "Nalakond",
         "dataset": "MC2",
         "id": "Caracola del Sol Marine mist"
      },
      {
         "shpcountry": "Utoporiana",
         "dataset": "MC2",
         "id": "Estrella del Mar SE"
      },
      {
         "rcvcountry": "Sol y Oceana",
         "dataset": "MC2",
         "id": "Savaneta Barge Ltd. Corporation United"
      },
      {
         "shpcountry": "Marebak",
         "dataset": "MC2",
         "id": "Barents Sea Cod CJSC Export"
      },
      {
         "shpcountry": "Mawazam",
         "dataset": "MC2",
         "id": "Olas del Mar N.V."
      },
      {
         "rcvcountry": "Oceanus",
         "dataset": "MC2",
         "id": "Aqua Advancements Corp Marine mist"
      },
      {
         "shpcountry": "Marebak",
         "dataset": "MC2",
         "id": "Saltwater Symphony S.A. de C.V."
      },
      {
         "rcvcountry": "Azurionix",
         "dataset": "MC2",
         "id": "Lake Kivu   BV United"
      },
      {
         "shpcountry": "Marebak",
         "dataset": "MC2",
         "id": "Hook Ltd. Corporation Line"
      },
      {
         "rcvcountry": "Oceanus",
         "dataset": "MC2",
         "id": "Seafarer's Club \u041e\u0410\u041e Family"
      },
      {
         "shpcountry": "Marebak",
         "dataset": "MC2",
         "id": "Zambezi Gorge  N.V. Transport"
      },
      {
         "rcvcountry": "Oceanus",
         "dataset": "MC2",
         "id": "Beachcomber's Bounty CJSC Sea"
      },
      {
         "shpcountry": "Alverossia",
         "rcvcountry": "Oceanus",
         "dataset": "MC2",
         "id": "m\u00e1n y\u00fa AB International"
      },
      {
         "shpcountry": "Coralmarica",
         "dataset": "MC2",
         "id": "bi\u0101n y\u00fa AG Forwading"
      },
      {
         "rcvcountry": "Azurionix",
         "dataset": "MC2",
         "id": "Maharashtra  Ltd. Liability Co Shipping"
      },
      {
         "shpcountry": "Marebak",
         "dataset": "MC2",
         "id": "Maharashtra ers Incorporated Express"
      },
      {
         "rcvcountry": "Azurionix",
         "dataset": "MC2",
         "id": "-58"
      },
      {
         "shpcountry": "Alverossia",
         "dataset": "MC2",
         "id": "Saltwater Sisters Inc Seafaring"
      },
      {
         "rcvcountry": "Azurionix",
         "dataset": "MC2",
         "id": "Togo  S.A. de C.V."
      },
      {
         "shpcountry": "Coralmarica",
         "dataset": "MC2",
         "id": "Oceanic Oracle GmbH America"
      },
      {
         "rcvcountry": "Azurionix",
         "dataset": "MC2",
         "id": "Scottish Oysters Pic Transport"
      },
      {
         "shpcountry": "Rio Isla",
         "dataset": "MC2",
         "id": "Costa del Viento Fish  S.p.A. United"
      },
      {
         "rcvcountry": "Oceanus",
         "dataset": "MC2",
         "id": "Odisha  Limited Liability Company"
      },
      {
         "shpcountry": "Vesperanda",
         "dataset": "MC2",
         "id": "The Salty Dog Limited Liability Company"
      },
      {
         "shpcountry": "Marebak",
         "dataset": "MC2",
         "id": "su\u014d y\u00fa Incorporated Brothers"
      },
      {
         "rcvcountry": "Azurionix",
         "dataset": "MC2",
         "id": "Costa de la Felicidad Shipping"
      },
      {
         "shpcountry": "Marebak",
         "dataset": "MC2",
         "id": "Kariba Dam   LC Transport"
      },
      {
         "rcvcountry": "Oceanus",
         "dataset": "MC2",
         "id": "Bu yu wang Tom yum GmbH & Co. KG Shipping"
      },
      {
         "shpcountry": "Marebak",
         "dataset": "MC2",
         "id": "Yu er he  Bonito"
      },
      {
         "shpcountry": "Puerto Sol",
         "dataset": "MC2",
         "id": "Ocean Oasis SRL Anchor"
      },
      {
         "rcvcountry": "Azurionix",
         "dataset": "MC2",
         "id": "Assam  Market Cargo ship Company Marine conservation"
      },
      {
         "shpcountry": "Utoporiana",
         "dataset": "MC2",
         "id": "Jammu & Kashmir  GmbH & Co. KG and Son's"
      },
      {
         "rcvcountry": "Azurionix",
         "dataset": "MC2",
         "id": "Rift Valley fishery Inc"
      },
      {
         "shpcountry": "Marebak",
         "dataset": "MC2",
         "id": "xi\u01ceo l\u00f3ng xi\u0101 LC"
      },
      {
         "rcvcountry": "Azurionix",
         "dataset": "MC2",
         "id": "TunaTreat Company Marine sanctuary"
      },
      {
         "shpcountry": "Marebak",
         "dataset": "MC2",
         "id": "Seafoam Breakwater Sp United"
      },
      {
         "rcvcountry": "Oceanus",
         "dataset": "MC2",
         "id": "Oceanfront Oases Oyj Sea"
      },
      {
         "shpcountry": "Oceanus",
         "dataset": "MC2",
         "id": "Caracola del Este Corporation Express"
      },
      {
         "shpcountry": "Rio Isla",
         "dataset": "MC2",
         "id": "Selous Game Reserve  A/S"
      },
      {
         "rcvcountry": "Azurionix",
         "dataset": "MC2",
         "id": "Lake Turkana  Charter Boat  NV Marine"
      },
      {
         "shpcountry": "Lumindoria",
         "dataset": "MC2",
         "id": "Line S.A. de C.V."
      },
      {
         "shpcountry": "Kondanovia",
         "dataset": "MC2",
         "id": "Zambezi Valley  Marine biology"
      },
      {
         "rcvcountry": "Azurionix",
         "dataset": "MC2",
         "id": "Playa del Sol LC -"
      },
      {
         "shpcountry": "Puerto Sol",
         "dataset": "MC2",
         "id": "Saltwater Sanctuary NV Delivery"
      },
      {
         "rcvcountry": "Azurionix",
         "dataset": "MC2",
         "id": "Black Sea Tuna Sagl"
      },
      {
         "rcvcountry": "Azurionix",
         "dataset": "MC2",
         "id": "Haryana s Sagl Transport"
      },
      {
         "shpcountry": "Rio Isla",
         "dataset": "MC2",
         "id": "q\u012bng y\u00fa Corp Pier"
      },
      {
         "shpcountry": "Korvelonia",
         "dataset": "MC2",
         "id": "Monarch Ltd. Liability Co Transport"
      },
      {
         "rcvcountry": "Azurionix",
         "dataset": "MC2",
         "id": "Caracola Azul Ltd. Corporation"
      },
      {
         "shpcountry": "Lumindoria",
         "dataset": "MC2",
         "id": "Coral Cove Sagl Chart"
      },
      {
         "shpcountry": "Marebak",
         "dataset": "MC2",
         "id": "Uttar Pradesh s AG"
      },
      {
         "shpcountry": "Talandria",
         "dataset": "MC2",
         "id": "Haryana Sea  Mussel Inc Export"
      },
      {
         "rcvcountry": "Azurionix",
         "dataset": "MC2",
         "id": "Uttar Pradesh s Barracuda"
      },
      {
         "shpcountry": "Marebak",
         "dataset": "MC2",
         "id": "Fresh Limited Liability Company"
      },
      {
         "shpcountry": "Merigrad",
         "dataset": "MC2",
         "id": "Malabar Sea Catch S.A. de C.V. Transport"
      },
      {
         "rcvcountry": "Azurionix",
         "dataset": "MC2",
         "id": "-23"
      },
      {
         "shpcountry": "Icarnia",
         "dataset": "MC2",
         "id": "Mar del Oeste N.V."
      },
      {
         "rcvcountry": "Oceanus",
         "dataset": "MC2",
         "id": "Asveja GmbH & Co. KG Transit"
      },
      {
         "shpcountry": "Marebak",
         "dataset": "MC2",
         "id": "Coastal Cruisers Pic Shipping"
      },
      {
         "rcvcountry": "Azurionix",
         "dataset": "MC2",
         "id": "Brisa del Mar LC"
      },
      {
         "shpcountry": "Isliandor",
         "dataset": "MC2",
         "id": "Dutch Eel Corp Family"
      },
      {
         "rcvcountry": "Oceanus",
         "dataset": "MC2",
         "id": "N.V. Ltd. Liability Co"
      },
      {
         "shpcountry": "Marebak",
         "dataset": "MC2",
         "id": "The Sea Turtle A/S"
      },
      {
         "rcvcountry": "Azurionix",
         "dataset": "MC2",
         "id": "Pao gan SE Seal"
      },
      {
         "shpcountry": "Rio Isla",
         "dataset": "MC2",
         "id": "Zambezi Valley  Shipping Swordfish"
      },
      {
         "shpcountry": "Jiraputra",
         "dataset": "MC2",
         "id": "Chituku Trout Inc Cargo"
      },
      {
         "rcvcountry": "Azurionix",
         "dataset": "MC2",
         "id": "Yu xian  SRL Industrial"
      },
      {
         "shpcountry": "Merigrad",
         "dataset": "MC2",
         "id": "Playa Azul S.A. de C.V."
      },
      {
         "rcvcountry": "Azurionix",
         "dataset": "MC2",
         "id": "SeaFusion Ges.m.b.H. and Son's"
      },
      {
         "shpcountry": "Marebak",
         "dataset": "MC2",
         "id": "Ola Azul SRL United"
      },
      {
         "shpcountry": "Rio Isla",
         "dataset": "MC2",
         "id": "Surf and Sea Dashi Oyj Marine ecology"
      },
      {
         "shpcountry": "Marebak",
         "dataset": "MC2",
         "id": "Uttarakhand   Tidepool Oyj International"
      },
      {
         "shpcountry": "Puerto Sol",
         "rcvcountry": "Azurionix",
         "dataset": "MC2",
         "id": "Tshikwea GmbH & Co. KG Wave"
      },
      {
         "shpcountry": "Mawazam",
         "dataset": "MC2",
         "id": "Shou gan  Oyj Overseas"
      },
      {
         "rcvcountry": "Azurionix",
         "dataset": "MC2",
         "id": "Agua Oceanfront Limited Liability Company Transportation"
      },
      {
         "shpcountry": "Playa Solis",
         "dataset": "MC2",
         "id": "Okavango Delta  Cargo ship"
      },
      {
         "shpcountry": "Marebak",
         "dataset": "MC2",
         "id": "Jharkhand  Ltd. Liability Co Worldwide"
      },
      {
         "rcvcountry": "Oceanus",
         "dataset": "MC2",
         "id": "Niger Bend   S.A. de C.V. Holdings"
      },
      {
         "shpcountry": "Zawalinda",
         "dataset": "MC2",
         "id": "TideTurner Tidepool Co Enterprises"
      },
      {
         "shpcountry": "Marebak",
         "dataset": "MC2",
         "id": "Wave Watchers Ltd International"
      },
      {
         "rcvcountry": "Oceanus",
         "dataset": "MC2",
         "id": "p\u00e1ng xi\u00e8 Ltd. Liability Co Freight "
      },
      {
         "rcvcountry": "Azurionix",
         "dataset": "MC2",
         "id": "Sea Breeze Corporation Marine sanctuary"
      },
      {
         "shpcountry": "Puerto Sol",
         "dataset": "MC2",
         "id": "N\u00e1utica del Sol Ges.m.b.H."
      },
      {
         "rcvcountry": "Oceanus",
         "dataset": "MC2",
         "id": "Lake Tana  Sagl Delivery"
      },
      {
         "shpcountry": "Zawalinda",
         "dataset": "MC2",
         "id": "Caracola del Este N.V."
      },
      {
         "shpcountry": "Marebak",
         "dataset": "MC2",
         "id": "BlueWaterBites GmbH & Co. KG Export"
      },
      {
         "rcvcountry": "Oceanus",
         "dataset": "MC2",
         "id": "Mar del Caribe Express Surf"
      },
      {
         "rcvcountry": "Azurionix",
         "dataset": "MC2",
         "id": "0"
      },
      {
         "shpcountry": "Alverossia",
         "dataset": "MC2",
         "id": "Wave Watchers Co Holdings"
      },
      {
         "rcvcountry": "Azurionix",
         "dataset": "MC2",
         "id": "Neptune's Harvest LC Transport"
      },
      {
         "shpcountry": "Alverossia",
         "dataset": "MC2",
         "id": "Baltic Sprat Corp Roe"
      },
      {
         "rcvcountry": "Azurionix",
         "dataset": "MC2",
         "id": "Selous Game Reserve  S.A. de C.V."
      },
      {
         "shpcountry": "Coral Solis",
         "dataset": "MC2",
         "id": "Senegal Coast  LC Solutions"
      },
      {
         "rcvcountry": "Azurionix",
         "dataset": "MC2",
         "id": "-59"
      },
      {
         "rcvcountry": "Azurionix",
         "dataset": "MC2",
         "id": "-60"
      },
      {
         "shpcountry": "Sol y Oceana",
         "dataset": "MC2",
         "id": "CoralCrest Inc and Son's"
      },
      {
         "shpcountry": "Vesperanda",
         "dataset": "MC2",
         "id": "SeaSelect Foods BV Marine"
      },
      {
         "rcvcountry": "Oceanus",
         "dataset": "MC2",
         "id": "Sparrman's bream Limited Liability Company"
      },
      {
         "shpcountry": "Vesperanda",
         "dataset": "MC2",
         "id": "SeaSiren Limited Liability Company"
      },
      {
         "rcvcountry": "Azurionix",
         "dataset": "MC2",
         "id": "Black Sea Tuna Snapper"
      },
      {
         "shpcountry": "Marebak",
         "dataset": "MC2",
         "id": "French Sardine LLC Transit"
      },
      {
         "rcvcountry": "Oceanus",
         "dataset": "MC2",
         "id": "Tamil  Marina N.V. Family"
      },
      {
         "shpcountry": "Utoporiana",
         "dataset": "MC2",
         "id": "Coastal Charm Ltd. Corporation"
      },
      {
         "rcvcountry": "Oceanus",
         "dataset": "MC2",
         "id": "Playa de la Felicidad Sagl"
      },
      {
         "shpcountry": "Osterivaria",
         "dataset": "MC2",
         "id": "Blue Horizon Family &"
      },
      {
         "shpcountry": "Puerto del Mar",
         "dataset": "MC2",
         "id": "Mar y Luna Ltd. Liability Co Enterprises"
      },
      {
         "shpcountry": "Brindivaria",
         "dataset": "MC2",
         "id": "Surf and Sand & Son's"
      },
      {
         "shpcountry": "Oceanus",
         "dataset": "MC2",
         "id": "Mar del Caribe Sagl"
      },
      {
         "rcvcountry": "Azurionix",
         "dataset": "MC2",
         "id": "Nile Crocodile  OJSC Express"
      },
      {
         "rcvcountry": "Azurionix",
         "dataset": "MC2",
         "id": "Playa del Sol Corporation Freight "
      },
      {
         "shpcountry": "Marebak",
         "dataset": "MC2",
         "id": "Maharashtra   Limited Liability Company"
      },
      {
         "shpcountry": "Vesperanda",
         "dataset": "MC2",
         "id": "Mar de la Vida S.p.A."
      },
      {
         "rcvcountry": "Azurionix",
         "dataset": "MC2",
         "id": "Mar del Placer Manatee"
      },
      {
         "shpcountry": "Osterivaria",
         "dataset": "MC2",
         "id": "Daniel Ferry N.V. Transit"
      },
      {
         "rcvcountry": "Azurionix",
         "dataset": "MC2",
         "id": "Olas del Sur Ltd"
      },
      {
         "shpcountry": "Rio Isla",
         "dataset": "MC2",
         "id": "Adriatic Squid Limited Liability Company Current"
      },
      {
         "shpcountry": "Lumindoria",
         "dataset": "MC2",
         "id": "Mount Kenya  Tsunami GmbH & Co. KG Cargo"
      },
      {
         "shpcountry": "Marebak",
         "dataset": "MC2",
         "id": "Mar de Estrellas Incorporated"
      },
      {
         "rcvcountry": "Azurionix",
         "dataset": "MC2",
         "id": "Seaside Summit S.A. de C.V."
      },
      {
         "rcvcountry": "Azurionix",
         "dataset": "MC2",
         "id": "Marine Mates NV Worldwide"
      },
      {
         "rcvcountry": "Oceanus",
         "dataset": "MC2",
         "id": "Dutch Mussels GmbH Carriers"
      },
      {
         "shpcountry": "Mawazam",
         "dataset": "MC2",
         "id": "Costa del Sol AS Shipping"
      },
      {
         "rcvcountry": "Azurionix",
         "dataset": "MC2",
         "id": "gu\u012b y\u00fa N.V. Catchers"
      },
      {
         "rcvcountry": "Oceanus",
         "dataset": "MC2",
         "id": "Chhattisgarh  Salt spray \u041e\u0410\u041e United"
      },
      {
         "rcvcountry": "Azurionix",
         "dataset": "MC2",
         "id": "Black Sea Tuna Kga Line"
      },
      {
         "shpcountry": "Marebak",
         "dataset": "MC2",
         "id": "Baltic Sprat Seafaring Co Holdings"
      },
      {
         "shpcountry": "Anderia del Mar",
         "dataset": "MC2",
         "id": "SaltwaterSatisfactions S.A. de C.V. Overseas"
      },
      {
         "rcvcountry": "Azurionix",
         "dataset": "MC2",
         "id": "-61"
      },
      {
         "shpcountry": "Isliandor",
         "dataset": "MC2",
         "id": "Brisa del Este \u041e\u0410\u041e"
      },
      {
         "rcvcountry": "Oceanus",
         "dataset": "MC2",
         "id": "Niger Bend   Dry dock"
      },
      {
         "rcvcountry": "Oceanus",
         "dataset": "MC2",
         "id": "Oka  Ltd. Liability Co"
      },
      {
         "shpcountry": "Arreciviento",
         "dataset": "MC2",
         "id": "l\u01d0y\u00fa Limited Liability Company"
      },
      {
         "rcvcountry": "Oceanus",
         "dataset": "MC2",
         "id": "Uttar Pradesh s OJSC"
      },
      {
         "shpcountry": "Utoporiana",
         "dataset": "MC2",
         "id": "Marine Masterminds Sp Solutions"
      },
      {
         "rcvcountry": "Oceanus",
         "dataset": "MC2",
         "id": "Playa de Oro \u041e\u0410\u041e"
      },
      {
         "shpcountry": "Marebak",
         "dataset": "MC2",
         "id": "Coastal Cruisers GmbH Logistics"
      },
      {
         "rcvcountry": "Oceanus",
         "dataset": "MC2",
         "id": "Spanish Shrimp Ltd. Corporation Transport"
      },
      {
         "shpcountry": "Rio Isla",
         "dataset": "MC2",
         "id": "Jammu & Kashmir  AB Consultants"
      },
      {
         "shpcountry": "Oceanus",
         "rcvcountry": "Oceanus",
         "dataset": "MC2",
         "id": "Oceanic Explorers Sashimi Inc Solutions"
      }
   ],
   "links": [
      {
         "arrivaldate": "2034-03-20",
         "hscode": 80440,
         "valueofgoods_omu": 15915.0,
         "volumeteu": 0.0,
         "weightkg": 15720,
         "generated_by": "carp",
         "dataset": "MC2",
         "source": "Tshimbua GmbH & Co. KG",
         "target": "Caracola del Sol Services"
      },
      {
         "arrivaldate": "2034-08-01",
         "hscode": 940179,
         "volumeteu": 0.0,
         "weightkg": 10795,
         "generated_by": "carp",
         "dataset": "MC2",
         "source": "Marine Masterminds Dry dock",
         "target": "Playa de la Luna Incorporated"
      },
      {
         "arrivaldate": "2034-11-27",
         "hscode": 940161,
         "volumeteu": 0.0,
         "weightkg": 6555,
         "generated_by": "carp",
         "dataset": "MC2",
         "source": "Marine Masterminds Dry dock",
         "target": "Saltwater Supreme \u041e\u0410\u041e Forwading"
      },
      {
         "arrivaldate": "2034-10-10",
         "hscode": 940161,
         "volumeteu": 0.0,
         "weightkg": 6675,
         "generated_by": "carp",
         "dataset": "MC2",
         "source": "Marine Masterminds Dry dock",
         "target": "Saltwater Supreme \u041e\u0410\u041e Forwading"
      },
      {
         "arrivaldate": "2034-04-09",
         "hscode": 40729,
         "volumeteu": 15.0,
         "weightkg": 54775,
         "generated_by": "carp",
         "dataset": "MC2",
         "source": "zh\u0101ng y\u00fa Ges.m.b.H. Solutions",
         "target": "Portuguese Tuna Incorporated Marine"
      },
      {
         "arrivaldate": "2034-03-30",
         "hscode": 700711,
         "volumeteu": 0.0,
         "weightkg": 22430,
         "generated_by": "carp",
         "dataset": "MC2",
         "source": "Nile   S.A. de C.V.",
         "target": "Caracola del Sol Services"
      },
      {
         "arrivaldate": "2034-03-12",
         "hscode": 701090,
         "volumeteu": 5.0,
         "weightkg": 32890,
         "generated_by": "carp",
         "dataset": "MC2",
         "source": "Nile   S.A. de C.V.",
         "target": "Playa del Sol Corporation Freight "
      },
      {
         "arrivaldate": "2034-04-02",
         "hscode": 160419,
         "valueofgoods_omu": 63125.0,
         "volumeteu": 0.0,
         "weightkg": 20775,
         "generated_by": "carp",
         "dataset": "MC2",
         "source": "AquaBite Limited Liability Company Marine",
         "target": "Mar del Este CJSC"
      },
      {
         "arrivaldate": "2034-01-26",
         "hscode": 841950,
         "volumeteu": 0.0,
         "weightkg": 720,
         "generated_by": "carp",
         "dataset": "MC2",
         "source": "Limpopo River  Limited Liability Company",
         "target": "Bu yu wang LC"
      },
      {
         "arrivaldate": "2034-12-06",
         "hscode": 200600,
         "valueofgoods_omu": 57020.0,
         "volumeteu": 0.0,
         "weightkg": 17855,
         "generated_by": "carp",
         "dataset": "MC2",
         "source": "Bu yu wang NV",
         "target": "Lake Chad  Company Ray"
      },
      {
         "arrivaldate": "2034-05-21",
         "hscode": 870323,
         "weightkg": 2279975,
         "generated_by": "carp",
         "dataset": "MC2",
         "source": "Danish Shrimp Kga Solutions",
         "target": "Sailors and Surfers Incorporated Enterprises"
      },
      {
         "arrivaldate": "2034-08-28",
         "hscode": 850750,
         "volumeteu": 5.0,
         "weightkg": 68675,
         "generated_by": "carp",
         "dataset": "MC2",
         "source": "Danish Shrimp Kga Solutions",
         "target": "Lake Turkana  Charter Boat  NV Marine"
      },
      {
         "arrivaldate": "2034-08-10",
         "hscode": 870899,
         "volumeteu": 5.0,
         "weightkg": 58335,
         "generated_by": "carp",
         "dataset": "MC2",
         "source": "Danish Shrimp Kga Solutions",
         "target": "0"
      },
      {
         "arrivaldate": "2034-04-21",
         "hscode": 842952,
         "weightkg": 22715,
         "generated_by": "carp",
         "dataset": "MC2",
         "source": "Olas del Sur Sea",
         "target": "Greek Sea Bass LLC"
      },
      {
         "arrivaldate": "2034-11-12",
         "hscode": 220890,
         "volumeteu": 0.0,
         "weightkg": 18520,
         "generated_by": "carp",
         "dataset": "MC2",
         "source": "Kong zhong diao yu  NV Export",
         "target": "Olas del Mar \u041e\u0410\u041e"
      },
      {
         "arrivaldate": "2034-01-19",
         "hscode": 920790,
         "weightkg": 1090,
         "generated_by": "carp",
         "dataset": "MC2",
         "source": "Estrella del Mar Seafarer",
         "target": "-54"
      },
      {
         "arrivaldate": "2034-01-30",
         "hscode": 820559,
         "weightkg": 2630,
         "generated_by": "carp",
         "dataset": "MC2",
         "source": "Estrella del Mar Seafarer",
         "target": "Estrella del Mar Seafarer"
      },
      {
         "arrivaldate": "2034-07-08",
         "hscode": 190590,
         "valueofgoods_omu": 94435.0,
         "volumeteu": 0.0,
         "weightkg": 21620,
         "generated_by": "carp",
         "dataset": "MC2",
         "source": "Meris Current Corp Transportation",
         "target": "Mar de Plata BV Marine"
      },
      {
         "arrivaldate": "2034-06-03",
         "hscode": 30617,
         "valueofgoods_omu": 318235.0,
         "volumeteu": 0.0,
         "weightkg": 18540,
         "generated_by": "carp",
         "dataset": "MC2",
         "source": "Danish Plaice Ltd. Liability Co Logistics",
         "target": "Arena del Mar Marine Marine biology"
      },
      {
         "arrivaldate": "2034-01-22",
         "hscode": 870840,
         "volumeteu": 0.0,
         "weightkg": 1500,
         "generated_by": "carp",
         "dataset": "MC2",
         "source": "Lake Victoria Nile    Inc",
         "target": "Dutch Bill  BV Marine"
      },
      {
         "arrivaldate": "2034-06-08",
         "hscode": 830990,
         "valueofgoods_omu": 1100.0,
         "volumeteu": 0.0,
         "weightkg": 150,
         "generated_by": "carp",
         "dataset": "MC2",
         "source": "Coastal Charm GmbH Express",
         "target": "Olas del Mar Worldwide"
      },
      {
         "arrivaldate": "2034-04-16",
         "hscode": 848340,
         "volumeteu": 25.0,
         "weightkg": 366605,
         "generated_by": "carp",
         "dataset": "MC2",
         "source": "Simien Mountains   Company Transport",
         "target": "Kong zhong diao yu  Ges.m.b.H."
      },
      {
         "arrivaldate": "2034-05-28",
         "hscode": 190230,
         "valueofgoods_omu": 44920.0,
         "volumeteu": 0.0,
         "weightkg": 17150,
         "generated_by": "carp",
         "dataset": "MC2",
         "source": "Caracola Marina - Plc Enterprises",
         "target": "Caracola Marina - Plc Enterprises"
      },
      {
         "arrivaldate": "2034-12-10",
         "hscode": 721049,
         "valueofgoods_omu": 86030.0,
         "volumeteu": 5.0,
         "weightkg": 88740,
         "generated_by": "carp",
         "dataset": "MC2",
         "source": "The Salty Dog Oyj",
         "target": "Punjab s A/S Marine"
      },
      {
         "arrivaldate": "2034-08-19",
         "hscode": 160521,
         "valueofgoods_omu": 665235.0,
         "volumeteu": 0.0,
         "weightkg": 19505,
         "generated_by": "carp",
         "dataset": "MC2",
         "source": "Dutch Mussels Tidepool \u041e\u0410\u041e Express",
         "target": "Pao gan LC Freight "
      },
      {
         "arrivaldate": "2034-08-06",
         "hscode": 950510,
         "volumeteu": 5.0,
         "weightkg": 9025,
         "generated_by": "carp",
         "dataset": "MC2",
         "source": "Mar y Luna Sagl",
         "target": "Saltwater Supreme \u041e\u0410\u041e Forwading"
      },
      {
         "arrivaldate": "2034-07-26",
         "hscode": 611030,
         "valueofgoods_omu": 374015.0,
         "volumeteu": 5.0,
         "weightkg": 24900,
         "generated_by": "carp",
         "dataset": "MC2",
         "source": "Mar y Luna Sagl",
         "target": "Sailors and Surfers Incorporated Enterprises"
      },
      {
         "arrivaldate": "2034-05-04",
         "hscode": 200899,
         "valueofgoods_omu": 29420.0,
         "volumeteu": 0.0,
         "weightkg": 18985,
         "generated_by": "carp",
         "dataset": "MC2",
         "source": "Mizoram  GmbH & Co. KG",
         "target": "Portuguese Tuna A/S Cargo"
      },
      {
         "arrivaldate": "2034-06-09",
         "hscode": 200899,
         "valueofgoods_omu": 39625.0,
         "volumeteu": 0.0,
         "weightkg": 25310,
         "generated_by": "carp",
         "dataset": "MC2",
         "source": "Mizoram  GmbH & Co. KG",
         "target": "Portuguese Tuna A/S Cargo"
      },
      {
         "arrivaldate": "2034-11-20",
         "hscode": 330590,
         "valueofgoods_omu": 76575.0,
         "volumeteu": 0.0,
         "weightkg": 9485,
         "generated_by": "carp",
         "dataset": "MC2",
         "source": "Telangana  Wakame CJSC United",
         "target": "Arunachal Pradesh s Ltd. Corporation Coast"
      },
      {
         "arrivaldate": "2034-05-11",
         "hscode": 950300,
         "volumeteu": 0.0,
         "weightkg": 320,
         "generated_by": "carp",
         "dataset": "MC2",
         "source": "Estrella de Mar Consultants -",
         "target": "Sikkim  Market Corporation Investment"
      },
      {
         "arrivaldate": "2034-10-27",
         "hscode": 840890,
         "volumeteu": 0.0,
         "weightkg": 12665,
         "generated_by": "carp",
         "dataset": "MC2",
         "source": "Icelandic Cod Pier \u041e\u0410\u041e Transport",
         "target": "h\u01cei d\u01cen Corporation Wharf"
      },
      {
         "arrivaldate": "2034-08-18",
         "hscode": 870899,
         "volumeteu": 15.0,
         "weightkg": 148595,
         "generated_by": "carp",
         "dataset": "MC2",
         "source": "Icelandic Cod Pier \u041e\u0410\u041e Transport",
         "target": "Mar del Este CJSC"
      },
      {
         "arrivaldate": "2034-01-14",
         "hscode": 870310,
         "weightkg": 58900,
         "generated_by": "carp",
         "dataset": "MC2",
         "source": "Icelandic Cod Pier \u041e\u0410\u041e Transport",
         "target": "Black Sea Tuna Kga Line"
      },
      {
         "arrivaldate": "2034-08-20",
         "hscode": 730719,
         "valueofgoods_omu": 41205.0,
         "volumeteu": 0.0,
         "weightkg": 19200,
         "generated_by": "carp",
         "dataset": "MC2",
         "source": "French Crab Pic Marine conservation",
         "target": "-55"
      },
      {
         "arrivaldate": "2034-04-16",
         "hscode": 620342,
         "valueofgoods_omu": 218135.0,
         "volumeteu": 5.0,
         "weightkg": 12465,
         "generated_by": "carp",
         "dataset": "MC2",
         "source": "Dry Creek Pic Marine biology",
         "target": "Panope Limited Liability Company"
      },
      {
         "arrivaldate": "2034-10-08",
         "hscode": 851840,
         "volumeteu": 0.0,
         "weightkg": 380,
         "generated_by": "carp",
         "dataset": "MC2",
         "source": "Uttar Pradesh s CJSC",
         "target": "Jammu & Kashmir  Ges.m.b.H. & Son's"
      },
      {
         "arrivaldate": "2034-09-10",
         "hscode": 950510,
         "volumeteu": 0.0,
         "weightkg": 6200,
         "generated_by": "carp",
         "dataset": "MC2",
         "source": "Uttar Pradesh s CJSC",
         "target": "Simien Mountains   Ltd. Liability Co"
      },
      {
         "arrivaldate": "2034-02-04",
         "hscode": 950300,
         "volumeteu": 5.0,
         "weightkg": 14190,
         "generated_by": "carp",
         "dataset": "MC2",
         "source": "Uttar Pradesh s CJSC",
         "target": "h\u01cei d\u01cen Corporation Wharf"
      },
      {
         "arrivaldate": "2034-08-22",
         "hscode": 30475,
         "valueofgoods_omu": 73265.0,
         "volumeteu": 0.0,
         "weightkg": 24735,
         "generated_by": "carp",
         "dataset": "MC2",
         "source": "Mar del Oeste S.p.A. United",
         "target": "Barents Sea Cod Oyj Marine"
      },
      {
         "arrivaldate": "2034-04-22",
         "hscode": 470710,
         "volumeteu": 0.0,
         "weightkg": 195,
         "generated_by": "carp",
         "dataset": "MC2",
         "source": "Marine Muse Ltd. Corporation",
         "target": "Sailors and Surfers Incorporated Enterprises"
      },
      {
         "arrivaldate": "2034-07-22",
         "hscode": 870899,
         "volumeteu": 0.0,
         "weightkg": 8220,
         "generated_by": "carp",
         "dataset": "MC2",
         "source": "Makumba Ltd. Liability Co",
         "target": "BlueWater Bistro Ltd. Liability Co"
      },
      {
         "arrivaldate": "2034-03-31",
         "hscode": 220429,
         "volumeteu": 0.0,
         "weightkg": 41180,
         "generated_by": "carp",
         "dataset": "MC2",
         "source": "Danish Mackerel S.A. de C.V.",
         "target": "Ancla del Este Merchants"
      },
      {
         "arrivaldate": "2034-11-14",
         "hscode": 220840,
         "volumeteu": 0.0,
         "weightkg": 19505,
         "generated_by": "carp",
         "dataset": "MC2",
         "source": "Danish Mackerel S.A. de C.V.",
         "target": "-56"
      },
      {
         "arrivaldate": "2034-11-20",
         "hscode": 390120,
         "valueofgoods_omu": 18315.0,
         "volumeteu": 5.0,
         "weightkg": 11830,
         "generated_by": "carp",
         "dataset": "MC2",
         "source": "Lake Tana  N.V. Enterprises",
         "target": "Dutch  Ltd. Liability Co Consultants"
      },
      {
         "arrivaldate": "2034-11-21",
         "hscode": 848190,
         "valueofgoods_omu": 39125.0,
         "volumeteu": 0.0,
         "weightkg": 4390,
         "generated_by": "carp",
         "dataset": "MC2",
         "source": "River Gambia  Brine Pic Express",
         "target": "Oc\u00e9ano del Este Corporation"
      },
      {
         "arrivaldate": "2034-04-07",
         "hscode": 851660,
         "volumeteu": 0.0,
         "weightkg": 9365,
         "generated_by": "carp",
         "dataset": "MC2",
         "source": "Tshikwea Ltd. Liability Co",
         "target": "East Limited Liability Company Logistics"
      },
      {
         "arrivaldate": "2034-01-01",
         "hscode": 841810,
         "volumeteu": 0.0,
         "weightkg": 8605,
         "generated_by": "carp",
         "dataset": "MC2",
         "source": "Tshikwea Ltd. Liability Co",
         "target": "Pao gan SE Seal"
      },
      {
         "arrivaldate": "2034-12-20",
         "hscode": 850440,
         "volumeteu": 0.0,
         "weightkg": 15,
         "generated_by": "carp",
         "dataset": "MC2",
         "source": "Arunachal Pradesh s A/S Transport",
         "target": "Gulf of Guinea   Enterprises"
      },
      {
         "arrivaldate": "2034-11-03",
         "hscode": 870323,
         "weightkg": 125,
         "generated_by": "carp",
         "dataset": "MC2",
         "source": "Arunachal Pradesh s A/S Transport",
         "target": "FinestSea Ltd. Corporation Enterprises"
      },
      {
         "arrivaldate": "2034-04-05",
         "hscode": 850140,
         "weightkg": 360,
         "generated_by": "carp",
         "dataset": "MC2",
         "source": "Arunachal Pradesh s A/S Transport",
         "target": "Oka  Ltd. Liability Co"
      },
      {
         "arrivaldate": "2034-08-18",
         "hscode": 300490,
         "valueofgoods_omu": 3905.0,
         "volumeteu": 0.0,
         "weightkg": 6520,
         "generated_by": "carp",
         "dataset": "MC2",
         "source": "Mar de la Costa Company",
         "target": "h\u01cei d\u01cen Corporation Wharf"
      },
      {
         "arrivaldate": "2034-10-29",
         "hscode": 401110,
         "volumeteu": 10.0,
         "weightkg": 78155,
         "generated_by": "carp",
         "dataset": "MC2",
         "source": "Surf and Sea Seal Ltd Forwading",
         "target": "Saltwater Supreme \u041e\u0410\u041e Forwading"
      },
      {
         "arrivaldate": "2034-02-13",
         "hscode": 841810,
         "volumeteu": 0.0,
         "weightkg": 4980,
         "generated_by": "carp",
         "dataset": "MC2",
         "source": "French Crab S.p.A. Worldwide",
         "target": "Saltwater Supreme \u041e\u0410\u041e Forwading"
      },
      {
         "arrivaldate": "2034-12-13",
         "hscode": 841810,
         "volumeteu": 0.0,
         "weightkg": 4110,
         "generated_by": "carp",
         "dataset": "MC2",
         "source": "French Crab S.p.A. Worldwide",
         "target": "Saltwater Supreme \u041e\u0410\u041e Forwading"
      },
      {
         "arrivaldate": "2034-07-26",
         "hscode": 841810,
         "volumeteu": 0.0,
         "weightkg": 4770,
         "generated_by": "carp",
         "dataset": "MC2",
         "source": "French Crab S.p.A. Worldwide",
         "target": "Saltwater Supreme \u041e\u0410\u041e Forwading"
      },
      {
         "arrivaldate": "2034-02-21",
         "hscode": 30563,
         "valueofgoods_omu": 85350.0,
         "volumeteu": 5.0,
         "weightkg": 41405,
         "generated_by": "carp",
         "dataset": "MC2",
         "source": "Tsha wamba S.A. de C.V.",
         "target": "Saltwater Solitude N.V. International"
      },
      {
         "arrivaldate": "2034-02-09",
         "hscode": 60210,
         "volumeteu": 0.0,
         "weightkg": 190,
         "generated_by": "carp",
         "dataset": "MC2",
         "source": "Estrella de Mar SE",
         "target": "Playa de la Luna Incorporated"
      },
      {
         "arrivaldate": "2034-08-02",
         "hscode": 570242,
         "valueofgoods_omu": 43915.0,
         "volumeteu": 0.0,
         "weightkg": 12700,
         "generated_by": "carp",
         "dataset": "MC2",
         "source": "Greek Sea Bass Co",
         "target": "Eukrante Marine biology A/S Express"
      },
      {
         "arrivaldate": "2034-11-19",
         "hscode": 442010,
         "volumeteu": 0.0,
         "weightkg": 960,
         "generated_by": "carp",
         "dataset": "MC2",
         "source": "Deep Sea Divers Tom yum \u041e\u0410\u041e Marine sanctuary",
         "target": "Okavango River  S.A. de C.V. Solutions"
      },
      {
         "arrivaldate": "2034-04-21",
         "hscode": 640419,
         "volumeteu": 0.0,
         "weightkg": 220,
         "generated_by": "carp",
         "dataset": "MC2",
         "source": "Nautical Navigators Limited Liability Company Holdings",
         "target": "Uttarakhand  Market Limited Liability Company Nautical"
      },
      {
         "arrivaldate": "2034-07-18",
         "hscode": 640419,
         "volumeteu": 0.0,
         "weightkg": 9215,
         "generated_by": "carp",
         "dataset": "MC2",
         "source": "Nautical Navigators Limited Liability Company Holdings",
         "target": "Sea Breeze Corporation Marine sanctuary"
      },
      {
         "arrivaldate": "2034-07-06",
         "hscode": 20230,
         "valueofgoods_omu": 106005.0,
         "volumeteu": 0.0,
         "weightkg": 18885,
         "generated_by": "carp",
         "dataset": "MC2",
         "source": "LLC Limited Liability Company",
         "target": "The Salty Pearl Tsunami Corp Express"
      },
      {
         "arrivaldate": "2034-07-02",
         "hscode": 30617,
         "valueofgoods_omu": 168075.0,
         "volumeteu": 0.0,
         "weightkg": 19500,
         "generated_by": "carp",
         "dataset": "MC2",
         "source": "Chuan gou  N.V. Delivery",
         "target": "Caracola del Sol Services"
      },
      {
         "arrivaldate": "2034-08-26",
         "hscode": 30617,
         "valueofgoods_omu": 171010.0,
         "volumeteu": 0.0,
         "weightkg": 19625,
         "generated_by": "carp",
         "dataset": "MC2",
         "source": "Playa de Arena Submarine S.A. de C.V. Marine",
         "target": "Arena del Mar Marine Marine biology"
      },
      {
         "arrivaldate": "2034-11-01",
         "hscode": 30617,
         "valueofgoods_omu": 191165.0,
         "volumeteu": 0.0,
         "weightkg": 21520,
         "generated_by": "carp",
         "dataset": "MC2",
         "source": "Mar de la Luna S.p.A.",
         "target": "Mar del Para\u00edso Corporation Logistics"
      },
      {
         "arrivaldate": "2034-07-25",
         "hscode": 420292,
         "volumeteu": 0.0,
         "weightkg": 535,
         "generated_by": "carp",
         "dataset": "MC2",
         "source": "Rajasthan  Market Sagl Express",
         "target": "Olas del Mar Worldwide"
      },
      {
         "arrivaldate": "2034-11-17",
         "hscode": 854720,
         "volumeteu": 0.0,
         "weightkg": 19735,
         "generated_by": "carp",
         "dataset": "MC2",
         "source": "Oceanic Oracle GmbH & Co. KG",
         "target": "h\u01cei d\u01cen Corporation Wharf"
      },
      {
         "arrivaldate": "2034-02-22",
         "hscode": 392690,
         "volumeteu": 0.0,
         "weightkg": 245,
         "generated_by": "carp",
         "dataset": "MC2",
         "source": "Bah\u00eda del Sol SRL Solutions",
         "target": "Madagascar Coast  AG Freight "
      },
      {
         "arrivaldate": "2034-09-18",
         "hscode": 350300,
         "valueofgoods_omu": 294135.0,
         "volumeteu": 0.0,
         "weightkg": 24505,
         "generated_by": "carp",
         "dataset": "MC2",
         "source": "CoralCrest Limited Liability Company",
         "target": "Belgian Scallop S.A. de C.V."
      },
      {
         "arrivaldate": "2034-10-10",
         "hscode": 210690,
         "volumeteu": 0.0,
         "weightkg": 14895,
         "generated_by": "carp",
         "dataset": "MC2",
         "source": "Caracola del Este Plc United",
         "target": "Saltwater Supreme \u041e\u0410\u041e Forwading"
      },
      {
         "arrivaldate": "2034-06-21",
         "hscode": 400510,
         "valueofgoods_omu": 120105.0,
         "volumeteu": 0.0,
         "weightkg": 20230,
         "generated_by": "carp",
         "dataset": "MC2",
         "source": "Mar del Este Sp",
         "target": "Ancla Azul Transportation Seafaring"
      },
      {
         "arrivaldate": "2034-07-12",
         "hscode": 950790,
         "volumeteu": 0.0,
         "weightkg": 15835,
         "generated_by": "carp",
         "dataset": "MC2",
         "source": "Delhi ers Ltd. Liability Co",
         "target": "Mar de la Aventura Shipyard"
      },
      {
         "arrivaldate": "2034-11-02",
         "hscode": 340600,
         "valueofgoods_omu": 25125.0,
         "volumeteu": 0.0,
         "weightkg": 6250,
         "generated_by": "carp",
         "dataset": "MC2",
         "source": "N\u00e1utica del Norte Kga Holdings",
         "target": "Sea Breezes GmbH & Co. KG Shark"
      },
      {
         "arrivaldate": "2034-10-15",
         "hscode": 950300,
         "volumeteu": 0.0,
         "weightkg": 6150,
         "generated_by": "carp",
         "dataset": "MC2",
         "source": "Arunachal Pradesh s &",
         "target": "-40"
      },
      {
         "arrivaldate": "2034-01-28",
         "hscode": 871410,
         "valueofgoods_omu": 290010.0,
         "volumeteu": 5.0,
         "weightkg": 31860,
         "generated_by": "carp",
         "dataset": "MC2",
         "source": "Tripura  BV and Son's",
         "target": "-57"
      },
      {
         "arrivaldate": "2034-03-19",
         "hscode": 701090,
         "volumeteu": 5.0,
         "weightkg": 25815,
         "generated_by": "carp",
         "dataset": "MC2",
         "source": "Kilimajaro Slopes   N.V. Logistics",
         "target": "Sailors and Surfers Incorporated Enterprises"
      },
      {
         "arrivaldate": "2034-09-05",
         "hscode": 160414,
         "valueofgoods_omu": 3800.0,
         "volumeteu": 0.0,
         "weightkg": 760,
         "generated_by": "carp",
         "dataset": "MC2",
         "source": "Caracola del Sol Marine mist",
         "target": "Sailors and Surfers Incorporated Enterprises"
      },
      {
         "arrivaldate": "2034-01-29",
         "hscode": 321410,
         "valueofgoods_omu": 46815.0,
         "volumeteu": 0.0,
         "weightkg": 11910,
         "generated_by": "carp",
         "dataset": "MC2",
         "source": "Estrella del Mar SE",
         "target": "Savaneta Barge Ltd. Corporation United"
      },
      {
         "arrivaldate": "2034-01-01",
         "hscode": 620462,
         "valueofgoods_omu": 525425.0,
         "volumeteu": 10.0,
         "weightkg": 44220,
         "generated_by": "carp",
         "dataset": "MC2",
         "source": "Barents Sea Cod CJSC Export",
         "target": "h\u01cei d\u01cen Corporation Wharf"
      },
      {
         "arrivaldate": "2034-08-25",
         "hscode": 620342,
         "valueofgoods_omu": 154140.0,
         "volumeteu": 5.0,
         "weightkg": 14460,
         "generated_by": "carp",
         "dataset": "MC2",
         "source": "Barents Sea Cod CJSC Export",
         "target": "Niger Bend   Dry dock"
      },
      {
         "arrivaldate": "2034-04-25",
         "hscode": 230910,
         "valueofgoods_omu": 85945.0,
         "volumeteu": 0.0,
         "weightkg": 24430,
         "generated_by": "carp",
         "dataset": "MC2",
         "source": "Olas del Mar N.V.",
         "target": "Aqua Advancements Corp Marine mist"
      },
      {
         "arrivaldate": "2034-10-25",
         "hscode": 950510,
         "volumeteu": 5.0,
         "weightkg": 18910,
         "generated_by": "carp",
         "dataset": "MC2",
         "source": "Saltwater Symphony S.A. de C.V.",
         "target": "Lake Kivu   BV United"
      },
      {
         "arrivaldate": "2034-05-20",
         "hscode": 611020,
         "valueofgoods_omu": 92825.0,
         "volumeteu": 0.0,
         "weightkg": 4275,
         "generated_by": "carp",
         "dataset": "MC2",
         "source": "Saltwater Symphony S.A. de C.V.",
         "target": "Marine Mates NV Worldwide"
      },
      {
         "arrivaldate": "2034-10-10",
         "hscode": 490300,
         "valueofgoods_omu": 65050.0,
         "volumeteu": 0.0,
         "weightkg": 13385,
         "generated_by": "carp",
         "dataset": "MC2",
         "source": "Hook Ltd. Corporation Line",
         "target": "Seafarer's Club \u041e\u0410\u041e Family"
      },
      {
         "arrivaldate": "2034-11-08",
         "hscode": 841821,
         "volumeteu": 5.0,
         "weightkg": 13565,
         "generated_by": "carp",
         "dataset": "MC2",
         "source": "Zambezi Gorge  N.V. Transport",
         "target": "Beachcomber's Bounty CJSC Sea"
      },
      {
         "arrivaldate": "2034-07-15",
         "hscode": 960329,
         "volumeteu": 0.0,
         "weightkg": 4475,
         "generated_by": "carp",
         "dataset": "MC2",
         "source": "Zambezi Gorge  N.V. Transport",
         "target": "Haryana s Sagl Transport"
      },
      {
         "arrivaldate": "2034-01-08",
         "hscode": 900311,
         "volumeteu": 0.0,
         "weightkg": 1910,
         "generated_by": "carp",
         "dataset": "MC2",
         "source": "m\u00e1n y\u00fa AB International",
         "target": "m\u00e1n y\u00fa AB International"
      },
      {
         "arrivaldate": "2034-11-03",
         "hscode": 120190,
         "volumeteu": 0.0,
         "weightkg": 21870,
         "generated_by": "carp",
         "dataset": "MC2",
         "source": "bi\u0101n y\u00fa AG Forwading",
         "target": "Maharashtra  Ltd. Liability Co Shipping"
      },
      {
         "arrivaldate": "2034-06-27",
         "hscode": 853922,
         "volumeteu": 0.0,
         "weightkg": 2745,
         "generated_by": "carp",
         "dataset": "MC2",
         "source": "Maharashtra ers Incorporated Express",
         "target": "-58"
      },
      {
         "arrivaldate": "2034-08-11",
         "hscode": 950510,
         "volumeteu": 0.0,
         "weightkg": 2940,
         "generated_by": "carp",
         "dataset": "MC2",
         "source": "Saltwater Sisters Inc Seafaring",
         "target": "Togo  S.A. de C.V."
      },
      {
         "arrivaldate": "2034-01-23",
         "hscode": 20319,
         "valueofgoods_omu": 31530.0,
         "volumeteu": 0.0,
         "weightkg": 9710,
         "generated_by": "carp",
         "dataset": "MC2",
         "source": "Oceanic Oracle GmbH America",
         "target": "Scottish Oysters Pic Transport"
      },
      {
         "arrivaldate": "2034-01-30",
         "hscode": 392690,
         "volumeteu": 0.0,
         "weightkg": 1080,
         "generated_by": "carp",
         "dataset": "MC2",
         "source": "Costa del Viento Fish  S.p.A. United",
         "target": "Odisha  Limited Liability Company"
      },
      {
         "arrivaldate": "2034-10-29",
         "hscode": 71080,
         "valueofgoods_omu": 20610.0,
         "volumeteu": 0.0,
         "weightkg": 19145,
         "generated_by": "carp",
         "dataset": "MC2",
         "source": "The Salty Dog Limited Liability Company",
         "target": "h\u01cei d\u01cen Corporation Wharf"
      },
      {
         "arrivaldate": "2034-12-14",
         "hscode": 610832,
         "valueofgoods_omu": 66320.0,
         "volumeteu": 0.0,
         "weightkg": 3650,
         "generated_by": "carp",
         "dataset": "MC2",
         "source": "su\u014d y\u00fa Incorporated Brothers",
         "target": "Costa de la Felicidad Shipping"
      },
      {
         "arrivaldate": "2034-02-14",
         "hscode": 640299,
         "volumeteu": 10.0,
         "weightkg": 38760,
         "generated_by": "carp",
         "dataset": "MC2",
         "source": "Kariba Dam   LC Transport",
         "target": "Bu yu wang Tom yum GmbH & Co. KG Shipping"
      },
      {
         "arrivaldate": "2034-01-25",
         "hscode": 30475,
         "valueofgoods_omu": 128115.0,
         "volumeteu": 0.0,
         "weightkg": 21015,
         "generated_by": "carp",
         "dataset": "MC2",
         "source": "Yu er he  Bonito",
         "target": "Mar del Este CJSC"
      },
      {
         "arrivaldate": "2034-01-07",
         "hscode": 90111,
         "valueofgoods_omu": 64335.0,
         "volumeteu": 0.0,
         "weightkg": 9580,
         "generated_by": "carp",
         "dataset": "MC2",
         "source": "Ocean Oasis SRL Anchor",
         "target": "Assam  Market Cargo ship Company Marine conservation"
      },
      {
         "arrivaldate": "2034-04-29",
         "hscode": 850300,
         "valueofgoods_omu": 588460.0,
         "volumeteu": 5.0,
         "weightkg": 9545,
         "generated_by": "carp",
         "dataset": "MC2",
         "source": "Jammu & Kashmir  GmbH & Co. KG and Son's",
         "target": "Rift Valley fishery Inc"
      },
      {
         "arrivaldate": "2034-10-16",
         "hscode": 940360,
         "volumeteu": 0.0,
         "weightkg": 18790,
         "generated_by": "carp",
         "dataset": "MC2",
         "source": "xi\u01ceo l\u00f3ng xi\u0101 LC",
         "target": "TunaTreat Company Marine sanctuary"
      },
      {
         "arrivaldate": "2034-09-03",
         "hscode": 841391,
         "volumeteu": 0.0,
         "weightkg": 245,
         "generated_by": "carp",
         "dataset": "MC2",
         "source": "Seafoam Breakwater Sp United",
         "target": "Oceanfront Oases Oyj Sea"
      },
      {
         "arrivaldate": "2034-01-04",
         "hscode": 760120,
         "valueofgoods_omu": 15.0,
         "weightkg": 5,
         "generated_by": "carp",
         "dataset": "MC2",
         "source": "Caracola del Este Corporation Express",
         "target": "h\u01cei d\u01cen Corporation Wharf"
      },
      {
         "arrivaldate": "2034-12-11",
         "hscode": 760120,
         "valueofgoods_omu": 0.0,
         "weightkg": 0,
         "generated_by": "carp",
         "dataset": "MC2",
         "source": "Caracola del Este Corporation Express",
         "target": "-23"
      },
      {
         "arrivaldate": "2034-07-27",
         "hscode": 320611,
         "valueofgoods_omu": 290.0,
         "weightkg": 135,
         "generated_by": "carp",
         "dataset": "MC2",
         "source": "Caracola del Este Corporation Express",
         "target": "-60"
      },
      {
         "arrivaldate": "2034-07-11",
         "hscode": 841330,
         "volumeteu": 5.0,
         "weightkg": 6950,
         "generated_by": "carp",
         "dataset": "MC2",
         "source": "Selous Game Reserve  A/S",
         "target": "Lake Turkana  Charter Boat  NV Marine"
      },
      {
         "arrivaldate": "2034-01-14",
         "hscode": 843629,
         "volumeteu": 0.0,
         "weightkg": 19035,
         "generated_by": "carp",
         "dataset": "MC2",
         "source": "Line S.A. de C.V.",
         "target": "Sailors and Surfers Incorporated Enterprises"
      },
      {
         "arrivaldate": "2034-02-13",
         "hscode": 950300,
         "volumeteu": 0.0,
         "weightkg": 13020,
         "generated_by": "carp",
         "dataset": "MC2",
         "source": "Line S.A. de C.V.",
         "target": "Sailors and Surfers Incorporated Enterprises"
      },
      {
         "arrivaldate": "2034-02-28",
         "hscode": 540244,
         "valueofgoods_omu": 159015.0,
         "volumeteu": 0.0,
         "weightkg": 17750,
         "generated_by": "carp",
         "dataset": "MC2",
         "source": "Zambezi Valley  Marine biology",
         "target": "Playa del Sol LC -"
      },
      {
         "arrivaldate": "2034-08-10",
         "hscode": 150990,
         "valueofgoods_omu": 82320.0,
         "volumeteu": 0.0,
         "weightkg": 22005,
         "generated_by": "carp",
         "dataset": "MC2",
         "source": "Saltwater Sanctuary NV Delivery",
         "target": "Black Sea Tuna Sagl"
      },
      {
         "arrivaldate": "2034-06-04",
         "hscode": 390799,
         "valueofgoods_omu": 5705.0,
         "volumeteu": 0.0,
         "weightkg": 1020,
         "generated_by": "carp",
         "dataset": "MC2",
         "source": "q\u012bng y\u00fa Corp Pier",
         "target": "Rift Valley fishery Inc"
      },
      {
         "arrivaldate": "2034-05-17",
         "hscode": 200410,
         "valueofgoods_omu": 30905.0,
         "volumeteu": 0.0,
         "weightkg": 22670,
         "generated_by": "carp",
         "dataset": "MC2",
         "source": "Monarch Ltd. Liability Co Transport",
         "target": "Caracola Azul Ltd. Corporation"
      },
      {
         "arrivaldate": "2034-02-23",
         "hscode": 890399,
         "weightkg": 18000,
         "generated_by": "carp",
         "dataset": "MC2",
         "source": "Coral Cove Sagl Chart",
         "target": "Sailors and Surfers Incorporated Enterprises"
      },
      {
         "arrivaldate": "2034-08-28",
         "hscode": 210690,
         "volumeteu": 0.0,
         "weightkg": 23290,
         "generated_by": "carp",
         "dataset": "MC2",
         "source": "Uttar Pradesh s AG",
         "target": "h\u01cei d\u01cen Corporation Wharf"
      },
      {
         "arrivaldate": "2034-10-21",
         "hscode": 20422,
         "valueofgoods_omu": 278010.0,
         "volumeteu": 0.0,
         "weightkg": 21330,
         "generated_by": "carp",
         "dataset": "MC2",
         "source": "Haryana Sea  Mussel Inc Export",
         "target": "Uttar Pradesh s Barracuda"
      },
      {
         "arrivaldate": "2034-07-20",
         "hscode": 392690,
         "volumeteu": 0.0,
         "weightkg": 2100,
         "generated_by": "carp",
         "dataset": "MC2",
         "source": "Fresh Limited Liability Company",
         "target": "TunaTreat Company Marine sanctuary"
      },
      {
         "arrivaldate": "2034-03-06",
         "hscode": 220421,
         "volumeteu": 0.0,
         "weightkg": 8435,
         "generated_by": "carp",
         "dataset": "MC2",
         "source": "Fresh Limited Liability Company",
         "target": "Black Sea Tuna Snapper"
      },
      {
         "arrivaldate": "2034-06-04",
         "hscode": 620462,
         "valueofgoods_omu": 74115.0,
         "volumeteu": 0.0,
         "weightkg": 6285,
         "generated_by": "carp",
         "dataset": "MC2",
         "source": "Fresh Limited Liability Company",
         "target": "Dutch Mussels GmbH Carriers"
      },
      {
         "arrivaldate": "2034-11-04",
         "hscode": 841899,
         "volumeteu": 0.0,
         "weightkg": 5085,
         "generated_by": "carp",
         "dataset": "MC2",
         "source": "Fresh Limited Liability Company",
         "target": "Chhattisgarh  Salt spray \u041e\u0410\u041e United"
      },
      {
         "arrivaldate": "2034-02-25",
         "hscode": 650500,
         "volumeteu": 0.0,
         "weightkg": 8295,
         "generated_by": "carp",
         "dataset": "MC2",
         "source": "Malabar Sea Catch S.A. de C.V. Transport",
         "target": "Caracola del Sol Services"
      },
      {
         "arrivaldate": "2034-10-31",
         "hscode": 420212,
         "volumeteu": 0.0,
         "weightkg": 5760,
         "generated_by": "carp",
         "dataset": "MC2",
         "source": "Mar del Oeste N.V.",
         "target": "Asveja GmbH & Co. KG Transit"
      },
      {
         "arrivaldate": "2034-02-23",
         "hscode": 630790,
         "volumeteu": 0.0,
         "weightkg": 810,
         "generated_by": "carp",
         "dataset": "MC2",
         "source": "Coastal Cruisers Pic Shipping",
         "target": "Brisa del Mar LC"
      },
      {
         "arrivaldate": "2034-01-07",
         "hscode": 730793,
         "valueofgoods_omu": 24205.0,
         "volumeteu": 5.0,
         "weightkg": 14350,
         "generated_by": "carp",
         "dataset": "MC2",
         "source": "Dutch Eel Corp Family",
         "target": "N.V. Ltd. Liability Co"
      },
      {
         "arrivaldate": "2034-01-02",
         "hscode": 392410,
         "valueofgoods_omu": 65565.0,
         "volumeteu": 5.0,
         "weightkg": 16500,
         "generated_by": "carp",
         "dataset": "MC2",
         "source": "The Sea Turtle A/S",
         "target": "Pao gan SE Seal"
      },
      {
         "arrivaldate": "2034-09-10",
         "hscode": 870829,
         "volumeteu": 0.0,
         "weightkg": 8625,
         "generated_by": "carp",
         "dataset": "MC2",
         "source": "Zambezi Valley  Shipping Swordfish",
         "target": "Rift Valley fishery Inc"
      },
      {
         "arrivaldate": "2034-01-01",
         "hscode": 392010,
         "valueofgoods_omu": 94305.0,
         "volumeteu": 0.0,
         "weightkg": 14505,
         "generated_by": "carp",
         "dataset": "MC2",
         "source": "Chituku Trout Inc Cargo",
         "target": "Yu xian  SRL Industrial"
      },
      {
         "arrivaldate": "2034-05-02",
         "hscode": 160414,
         "valueofgoods_omu": 110025.0,
         "volumeteu": 0.0,
         "weightkg": 20805,
         "generated_by": "carp",
         "dataset": "MC2",
         "source": "Playa Azul S.A. de C.V.",
         "target": "SeaFusion Ges.m.b.H. and Son's"
      },
      {
         "arrivaldate": "2034-07-18",
         "hscode": 30311,
         "valueofgoods_omu": 140010.0,
         "volumeteu": 0.0,
         "weightkg": 16360,
         "generated_by": "carp",
         "dataset": "MC2",
         "source": "Ola Azul SRL United",
         "target": "Caracola del Sol Services"
      },
      {
         "arrivaldate": "2034-08-20",
         "hscode": 381121,
         "valueofgoods_omu": 6805.0,
         "volumeteu": 0.0,
         "weightkg": 1690,
         "generated_by": "carp",
         "dataset": "MC2",
         "source": "Surf and Sea Dashi Oyj Marine ecology",
         "target": "h\u01cei d\u01cen Corporation Wharf"
      },
      {
         "arrivaldate": "2034-07-10",
         "hscode": 30323,
         "valueofgoods_omu": 26725.0,
         "volumeteu": 0.0,
         "weightkg": 18310,
         "generated_by": "carp",
         "dataset": "MC2",
         "source": "Uttarakhand   Tidepool Oyj International",
         "target": "Yu xian  SRL Industrial"
      },
      {
         "arrivaldate": "2034-11-01",
         "hscode": 730791,
         "valueofgoods_omu": 43600.0,
         "volumeteu": 0.0,
         "weightkg": 22585,
         "generated_by": "carp",
         "dataset": "MC2",
         "source": "Tshikwea GmbH & Co. KG Wave",
         "target": "Tshikwea GmbH & Co. KG Wave"
      },
      {
         "arrivaldate": "2034-02-07",
         "hscode": 160414,
         "valueofgoods_omu": 97025.0,
         "volumeteu": 0.0,
         "weightkg": 19695,
         "generated_by": "carp",
         "dataset": "MC2",
         "source": "Shou gan  Oyj Overseas",
         "target": "Agua Oceanfront Limited Liability Company Transportation"
      },
      {
         "arrivaldate": "2034-09-22",
         "hscode": 940360,
         "volumeteu": 0.0,
         "weightkg": 5160,
         "generated_by": "carp",
         "dataset": "MC2",
         "source": "Okavango Delta  Cargo ship",
         "target": "Brisa del Mar LC"
      },
      {
         "arrivaldate": "2034-12-22",
         "hscode": 300590,
         "valueofgoods_omu": 41515.0,
         "volumeteu": 0.0,
         "weightkg": 5610,
         "generated_by": "carp",
         "dataset": "MC2",
         "source": "Jharkhand  Ltd. Liability Co Worldwide",
         "target": "Niger Bend   S.A. de C.V. Holdings"
      },
      {
         "arrivaldate": "2034-01-16",
         "hscode": 160553,
         "valueofgoods_omu": 38225.0,
         "volumeteu": 0.0,
         "weightkg": 16330,
         "generated_by": "carp",
         "dataset": "MC2",
         "source": "TideTurner Tidepool Co Enterprises",
         "target": "Mar del Este CJSC"
      },
      {
         "arrivaldate": "2034-11-04",
         "hscode": 420222,
         "volumeteu": 5.0,
         "weightkg": 6130,
         "generated_by": "carp",
         "dataset": "MC2",
         "source": "Wave Watchers Ltd International",
         "target": "p\u00e1ng xi\u00e8 Ltd. Liability Co Freight "
      },
      {
         "arrivaldate": "2034-06-24",
         "hscode": 840991,
         "volumeteu": 0.0,
         "weightkg": 11165,
         "generated_by": "carp",
         "dataset": "MC2",
         "source": "N\u00e1utica del Sol Ges.m.b.H.",
         "target": "Lake Tana  Sagl Delivery"
      },
      {
         "arrivaldate": "2034-07-17",
         "hscode": 30492,
         "valueofgoods_omu": 301045.0,
         "volumeteu": 0.0,
         "weightkg": 20210,
         "generated_by": "carp",
         "dataset": "MC2",
         "source": "Caracola del Este N.V.",
         "target": "h\u01cei d\u01cen Corporation Wharf"
      },
      {
         "arrivaldate": "2034-07-10",
         "hscode": 847490,
         "volumeteu": 0.0,
         "weightkg": 15100,
         "generated_by": "carp",
         "dataset": "MC2",
         "source": "BlueWaterBites GmbH & Co. KG Export",
         "target": "Mar del Caribe Express Surf"
      },
      {
         "arrivaldate": "2034-09-14",
         "hscode": 842240,
         "volumeteu": 0.0,
         "weightkg": 3435,
         "generated_by": "carp",
         "dataset": "MC2",
         "source": "Wave Watchers Co Holdings",
         "target": "Neptune's Harvest LC Transport"
      },
      {
         "arrivaldate": "2034-03-13",
         "hscode": 611610,
         "valueofgoods_omu": 77515.0,
         "volumeteu": 0.0,
         "weightkg": 6745,
         "generated_by": "carp",
         "dataset": "MC2",
         "source": "Baltic Sprat Corp Roe",
         "target": "Selous Game Reserve  S.A. de C.V."
      },
      {
         "arrivaldate": "2034-12-14",
         "hscode": 71410,
         "valueofgoods_omu": 18705.0,
         "volumeteu": 0.0,
         "weightkg": 21250,
         "generated_by": "carp",
         "dataset": "MC2",
         "source": "Senegal Coast  LC Solutions",
         "target": "-59"
      },
      {
         "arrivaldate": "2034-01-25",
         "hscode": 390120,
         "valueofgoods_omu": 48020.0,
         "volumeteu": 0.0,
         "weightkg": 40820,
         "generated_by": "carp",
         "dataset": "MC2",
         "source": "CoralCrest Inc and Son's",
         "target": "Caracola del Sol Services"
      },
      {
         "arrivaldate": "2034-12-20",
         "hscode": 840991,
         "volumeteu": 0.0,
         "weightkg": 17105,
         "generated_by": "carp",
         "dataset": "MC2",
         "source": "SeaSelect Foods BV Marine",
         "target": "Sparrman's bream Limited Liability Company"
      },
      {
         "arrivaldate": "2034-05-13",
         "hscode": 160420,
         "valueofgoods_omu": 70820.0,
         "volumeteu": 0.0,
         "weightkg": 19875,
         "generated_by": "carp",
         "dataset": "MC2",
         "source": "SeaSiren Limited Liability Company",
         "target": "Mar del Este CJSC"
      },
      {
         "arrivaldate": "2034-08-20",
         "hscode": 842139,
         "volumeteu": 0.0,
         "weightkg": 7100,
         "generated_by": "carp",
         "dataset": "MC2",
         "source": "French Sardine LLC Transit",
         "target": "Tamil  Marina N.V. Family"
      },
      {
         "arrivaldate": "2034-09-12",
         "hscode": 841490,
         "volumeteu": 0.0,
         "weightkg": 8320,
         "generated_by": "carp",
         "dataset": "MC2",
         "source": "Coastal Charm Ltd. Corporation",
         "target": "Playa de la Felicidad Sagl"
      },
      {
         "arrivaldate": "2034-07-30",
         "hscode": 30617,
         "valueofgoods_omu": 155005.0,
         "volumeteu": 0.0,
         "weightkg": 18585,
         "generated_by": "carp",
         "dataset": "MC2",
         "source": "Blue Horizon Family &",
         "target": "Pao gan SE Seal"
      },
      {
         "arrivaldate": "2034-05-15",
         "hscode": 30489,
         "valueofgoods_omu": 334320.0,
         "volumeteu": 0.0,
         "weightkg": 21590,
         "generated_by": "carp",
         "dataset": "MC2",
         "source": "Mar y Luna Ltd. Liability Co Enterprises",
         "target": "Black Sea Tuna Snapper"
      },
      {
         "arrivaldate": "2034-10-21",
         "hscode": 210390,
         "valueofgoods_omu": 12210.0,
         "volumeteu": 0.0,
         "weightkg": 7595,
         "generated_by": "carp",
         "dataset": "MC2",
         "source": "Surf and Sand & Son's",
         "target": "Costa de la Felicidad Shipping"
      },
      {
         "arrivaldate": "2034-07-09",
         "hscode": 20230,
         "valueofgoods_omu": 110040.0,
         "volumeteu": 0.0,
         "weightkg": 24600,
         "generated_by": "carp",
         "dataset": "MC2",
         "source": "Mar del Caribe Sagl",
         "target": "Nile Crocodile  OJSC Express"
      },
      {
         "arrivaldate": "2034-11-29",
         "hscode": 392410,
         "volumeteu": 0.0,
         "weightkg": 7425,
         "generated_by": "carp",
         "dataset": "MC2",
         "source": "Maharashtra   Limited Liability Company",
         "target": "Caracola del Sol Services"
      },
      {
         "arrivaldate": "2034-10-17",
         "hscode": 30617,
         "valueofgoods_omu": 179100.0,
         "volumeteu": 0.0,
         "weightkg": 17980,
         "generated_by": "carp",
         "dataset": "MC2",
         "source": "Mar de la Vida S.p.A.",
         "target": "Mar del Placer Manatee"
      },
      {
         "arrivaldate": "2034-05-09",
         "hscode": 30617,
         "valueofgoods_omu": 156020.0,
         "volumeteu": 0.0,
         "weightkg": 18295,
         "generated_by": "carp",
         "dataset": "MC2",
         "source": "Daniel Ferry N.V. Transit",
         "target": "Olas del Sur Ltd"
      },
      {
         "arrivaldate": "2034-07-23",
         "hscode": 840999,
         "volumeteu": 0.0,
         "weightkg": 5510,
         "generated_by": "carp",
         "dataset": "MC2",
         "source": "Adriatic Squid Limited Liability Company Current",
         "target": "Greek Sea Bass LLC"
      },
      {
         "arrivaldate": "2034-10-20",
         "hscode": 200490,
         "valueofgoods_omu": 64215.0,
         "volumeteu": 0.0,
         "weightkg": 18365,
         "generated_by": "carp",
         "dataset": "MC2",
         "source": "Mount Kenya  Tsunami GmbH & Co. KG Cargo",
         "target": "Caracola del Sol Services"
      },
      {
         "arrivaldate": "2034-01-20",
         "hscode": 940360,
         "volumeteu": 0.0,
         "weightkg": 150,
         "generated_by": "carp",
         "dataset": "MC2",
         "source": "Mar de Estrellas Incorporated",
         "target": "Seaside Summit S.A. de C.V."
      },
      {
         "arrivaldate": "2034-06-05",
         "hscode": 841590,
         "volumeteu": 0.0,
         "weightkg": 3175,
         "generated_by": "carp",
         "dataset": "MC2",
         "source": "Costa del Sol AS Shipping",
         "target": "gu\u012b y\u00fa N.V. Catchers"
      },
      {
         "arrivaldate": "2034-08-29",
         "hscode": 630790,
         "volumeteu": 0.0,
         "weightkg": 13655,
         "generated_by": "carp",
         "dataset": "MC2",
         "source": "Baltic Sprat Seafaring Co Holdings",
         "target": "Saltwater Supreme \u041e\u0410\u041e Forwading"
      },
      {
         "arrivaldate": "2034-03-30",
         "hscode": 842489,
         "volumeteu": 0.0,
         "weightkg": 17995,
         "generated_by": "carp",
         "dataset": "MC2",
         "source": "SaltwaterSatisfactions S.A. de C.V. Overseas",
         "target": "-61"
      },
      {
         "arrivaldate": "2034-02-12",
         "hscode": 640399,
         "volumeteu": 5.0,
         "weightkg": 12860,
         "generated_by": "carp",
         "dataset": "MC2",
         "source": "Brisa del Este \u041e\u0410\u041e",
         "target": "Selous Game Reserve  S.A. de C.V."
      },
      {
         "arrivaldate": "2034-07-23",
         "hscode": 160521,
         "valueofgoods_omu": 123005.0,
         "volumeteu": 0.0,
         "weightkg": 13795,
         "generated_by": "carp",
         "dataset": "MC2",
         "source": "l\u01d0y\u00fa Limited Liability Company",
         "target": "Uttar Pradesh s OJSC"
      },
      {
         "arrivaldate": "2034-08-08",
         "hscode": 291539,
         "valueofgoods_omu": 22310.0,
         "volumeteu": 0.0,
         "weightkg": 16985,
         "generated_by": "carp",
         "dataset": "MC2",
         "source": "Marine Masterminds Sp Solutions",
         "target": "Playa de Oro \u041e\u0410\u041e"
      },
      {
         "arrivaldate": "2034-06-01",
         "hscode": 630231,
         "valueofgoods_omu": 178015.0,
         "volumeteu": 0.0,
         "weightkg": 21370,
         "generated_by": "carp",
         "dataset": "MC2",
         "source": "Coastal Cruisers GmbH Logistics",
         "target": "Spanish Shrimp Ltd. Corporation Transport"
      },
      {
         "arrivaldate": "2034-09-25",
         "hscode": 721049,
         "valueofgoods_omu": 76765.0,
         "weightkg": 85985,
         "generated_by": "carp",
         "dataset": "MC2",
         "source": "Jammu & Kashmir  AB Consultants",
         "target": "h\u01cei d\u01cen Corporation Wharf"
      },
      {
         "arrivaldate": "2034-06-07",
         "hscode": 720441,
         "weightkg": 115,
         "generated_by": "carp",
         "dataset": "MC2",
         "source": "Oceanic Explorers Sashimi Inc Solutions",
         "target": "Oceanic Explorers Sashimi Inc Solutions"
      }
   ]
}