{
   "directed": true,
   "multigraph": true,
   "graph": {},
   "nodes": [
      {
         "shpcountry": "Coralmarica",
         "dataset": "MC2",
         "id": "Manipur  Market Charter Boat "
      },
      {
         "rcvcountry": "Azurionix",
         "dataset": "MC2",
         "id": "Playa de la Luna Incorporated"
      },
      {
         "shpcountry": "-27",
         "dataset": "MC2",
         "id": "Chhattisgarh  A/S & Son's"
      },
      {
         "rcvcountry": "-27",
         "dataset": "MC2",
         "id": "Sea Breezes GmbH & Co. KG Shark"
      },
      {
         "shpcountry": "Oceanus",
         "rcvcountry": "Oceanus",
         "dataset": "MC2",
         "id": "Oceanic Explorers Sashimi Inc Solutions"
      },
      {
         "shpcountry": "Mawazam",
         "dataset": "MC2",
         "id": "Kong zhong diao yu  Ltd"
      },
      {
         "rcvcountry": "-27",
         "dataset": "MC2",
         "id": "Mar del Este CJSC"
      },
      {
         "shpcountry": "Rio Isla",
         "dataset": "MC2",
         "id": "Lake Tana  N.V. Enterprises"
      },
      {
         "rcvcountry": "-27",
         "dataset": "MC2",
         "id": "Haryana Sea  Plc Consulting"
      },
      {
         "shpcountry": "-27",
         "dataset": "MC2",
         "id": "Madhya GmbH & Co. KG Family"
      },
      {
         "rcvcountry": "-27",
         "dataset": "MC2",
         "id": "Ancla Azul Transportation Seafaring"
      },
      {
         "shpcountry": "Marebak",
         "dataset": "MC2",
         "id": "Bah\u00eda del Sol Merchants Catchers"
      },
      {
         "rcvcountry": "-27",
         "dataset": "MC2",
         "id": "Bah\u00eda Azul Limited Liability Company"
      },
      {
         "shpcountry": "-27",
         "dataset": "MC2",
         "id": "Isla del Mar BV"
      },
      {
         "rcvcountry": "Azurionix",
         "dataset": "MC2",
         "id": "Ola de la Costa Corporation United"
      },
      {
         "shpcountry": "-27",
         "dataset": "MC2",
         "id": "Costa del Sol Co"
      },
      {
         "rcvcountry": "Azurionix",
         "dataset": "MC2",
         "id": "Black Sea Tuna Snapper"
      },
      {
         "shpcountry": "Marebak",
         "dataset": "MC2",
         "id": "Maharashtra ers Incorporated Express"
      },
      {
         "shpcountry": "-27",
         "dataset": "MC2",
         "id": "Mar y Luna LC Transportation"
      },
      {
         "rcvcountry": "-27",
         "dataset": "MC2",
         "id": "-62"
      },
      {
         "shpcountry": "-27",
         "dataset": "MC2",
         "id": "Jammu Ltd. Liability Co"
      },
      {
         "rcvcountry": "-27",
         "dataset": "MC2",
         "id": "Coral del Sur Ltd. Corporation Investment"
      },
      {
         "shpcountry": "Merigrad",
         "dataset": "MC2",
         "id": "Punjab s LC Express"
      },
      {
         "rcvcountry": "-27",
         "dataset": "MC2",
         "id": "N.V. Ltd. Liability Co"
      },
      {
         "shpcountry": "-27",
         "dataset": "MC2",
         "id": "Marine Masterminds Kga Line"
      },
      {
         "rcvcountry": "-27",
         "dataset": "MC2",
         "id": "Casablanca Coast  Flounder Oyj Line"
      },
      {
         "shpcountry": "-27",
         "dataset": "MC2",
         "id": "Zambezi Valley  Marine biology"
      },
      {
         "rcvcountry": "Azurionix",
         "dataset": "MC2",
         "id": "Rift Valley fishery Inc"
      },
      {
         "shpcountry": "Korvelia",
         "dataset": "MC2",
         "id": "Arunachal Pradesh s AS & Son's"
      },
      {
         "rcvcountry": "-27",
         "dataset": "MC2",
         "id": "3 Oceanography \u041e\u0410\u041e Marine life"
      },
      {
         "shpcountry": "-27",
         "dataset": "MC2",
         "id": "Vespuci Limited Liability Company Enterprises"
      },
      {
         "rcvcountry": "-27",
         "dataset": "MC2",
         "id": "Italian Sardines Inc Carriers"
      },
      {
         "shpcountry": "-27",
         "dataset": "MC2",
         "id": "Victoria Falls   N.V. Carriers"
      },
      {
         "rcvcountry": "Azurionix",
         "dataset": "MC2",
         "id": "Turkish Salmon A/S Marine"
      },
      {
         "shpcountry": "-27",
         "dataset": "MC2",
         "id": "Zale Limited Liability Company"
      },
      {
         "shpcountry": "Islavaria",
         "dataset": "MC2",
         "id": "Chhattisgarh  GmbH & Co. KG Brothers"
      },
      {
         "rcvcountry": "Azurionix",
         "dataset": "MC2",
         "id": "Costa de la Felicidad Shipping"
      },
      {
         "shpcountry": "-27",
         "dataset": "MC2",
         "id": "French Crab S.p.A. Worldwide"
      },
      {
         "rcvcountry": "Azurionix",
         "dataset": "MC2",
         "id": "Saltwater Supreme \u041e\u0410\u041e Forwading"
      },
      {
         "shpcountry": "Vesperandia del Mar",
         "dataset": "MC2",
         "id": "Faroe Islands Shrimp Corporation"
      },
      {
         "rcvcountry": "Azurionix",
         "dataset": "MC2",
         "id": "SeaTree Ltd. Liability Co Holdings"
      },
      {
         "shpcountry": "-27",
         "dataset": "MC2",
         "id": "Selkie Ltd. Liability Co"
      },
      {
         "rcvcountry": "Oceanus",
         "dataset": "MC2",
         "id": "Baltic Flounder Sp Delivery"
      },
      {
         "shpcountry": "-27",
         "dataset": "MC2",
         "id": "Shou gan  Oyj Overseas"
      },
      {
         "rcvcountry": "Oceanus",
         "dataset": "MC2",
         "id": "Arunachal  Dashi Inc Worldwide"
      },
      {
         "shpcountry": "-27",
         "dataset": "MC2",
         "id": "Faroe Islands Halibut N.V. Transport"
      },
      {
         "rcvcountry": "Coralmarica",
         "dataset": "MC2",
         "id": "Madhya Pradesh   Ltd. Corporation"
      },
      {
         "shpcountry": "-27",
         "dataset": "MC2",
         "id": "Spanish Anchovy CJSC Marine"
      },
      {
         "rcvcountry": "Oceanus",
         "dataset": "MC2",
         "id": "Estrella de la Costa Ltd Distribution"
      },
      {
         "shpcountry": "-27",
         "dataset": "MC2",
         "id": "The Salty Pearl LC"
      },
      {
         "rcvcountry": "-27",
         "dataset": "MC2",
         "id": "Portuguese Tuna Bonito Kga Consultants"
      },
      {
         "shpcountry": "Rio Isla",
         "rcvcountry": "Oceanus",
         "dataset": "MC2",
         "id": "Balkan Trout Ltd. Liability Co"
      },
      {
         "shpcountry": "-27",
         "dataset": "MC2",
         "id": "Ianira Starfish Sagl Import"
      },
      {
         "rcvcountry": "-27",
         "dataset": "MC2",
         "id": "Kong zhong diao yu  Express Charter Boat "
      },
      {
         "shpcountry": "-27",
         "dataset": "MC2",
         "id": "ReefRider S.A. de C.V."
      },
      {
         "shpcountry": "-27",
         "dataset": "MC2",
         "id": "Belgian Scallop Harbor \u041e\u0410\u041e Freight "
      },
      {
         "rcvcountry": "-27",
         "dataset": "MC2",
         "id": "Selous Game Reserve  S.A. de C.V."
      },
      {
         "rcvcountry": "Azurionix",
         "dataset": "MC2",
         "id": "Angrapa Ltd. Liability Co Export"
      },
      {
         "shpcountry": "Marebak",
         "dataset": "MC2",
         "id": "Ola de la Costa N.V."
      },
      {
         "shpcountry": "-27",
         "dataset": "MC2",
         "id": "Mar del Caribe SRL"
      },
      {
         "rcvcountry": "Azurionix",
         "dataset": "MC2",
         "id": "Mar de Plata BV Marine"
      },
      {
         "shpcountry": "Marebak",
         "dataset": "MC2",
         "id": "Ocean Observers Ges.m.b.H. Export"
      },
      {
         "rcvcountry": "Oceanus",
         "dataset": "MC2",
         "id": "gu\u012b y\u00fa Corporation Solutions"
      },
      {
         "shpcountry": "Zawalinda",
         "dataset": "MC2",
         "id": "Ola Azul Ges.m.b.H. Services"
      },
      {
         "shpcountry": "Isliandor",
         "dataset": "MC2",
         "id": "Surf's Up s Snapper"
      },
      {
         "rcvcountry": "Azurionix",
         "dataset": "MC2",
         "id": "h\u01cei d\u01cen Corporation Wharf"
      },
      {
         "shpcountry": "-27",
         "dataset": "MC2",
         "id": "Coastal Cruisers Pic Shipping"
      },
      {
         "shpcountry": "-27",
         "dataset": "MC2",
         "id": "Greek Octopus Ltd. Corporation"
      },
      {
         "shpcountry": "-27",
         "rcvcountry": "Azurionix",
         "dataset": "MC2",
         "id": "Ancla de Oro Kga Import"
      },
      {
         "shpcountry": "-27",
         "dataset": "MC2",
         "id": "Tshikwea Ltd. Liability Co"
      },
      {
         "rcvcountry": "-27",
         "dataset": "MC2",
         "id": "Belgian Shrimps Ocean Corp Holdings"
      },
      {
         "shpcountry": "Utoporiana",
         "dataset": "MC2",
         "id": "Lake Victoria Catch  SE"
      },
      {
         "rcvcountry": "-27",
         "dataset": "MC2",
         "id": "Kilimajaro Slopes   Oceanfront AB Overseas"
      },
      {
         "shpcountry": "Marebak",
         "dataset": "MC2",
         "id": "David Limited Liability Company Worldwide"
      },
      {
         "rcvcountry": "Oceanus",
         "dataset": "MC2",
         "id": "Belgian Cod BV Solutions"
      },
      {
         "shpcountry": "-27",
         "dataset": "MC2",
         "id": "z\u016bn y\u00fa Limited Liability Company"
      },
      {
         "rcvcountry": "Azurionix",
         "dataset": "MC2",
         "id": "Uttarakhand  Market Limited Liability Company Nautical"
      },
      {
         "shpcountry": "Marebak",
         "dataset": "MC2",
         "id": "Jharkhand  Ltd. Liability Co Worldwide"
      },
      {
         "rcvcountry": "Azurionix",
         "dataset": "MC2",
         "id": "TunaTreat Company Marine sanctuary"
      },
      {
         "shpcountry": "Marebak",
         "dataset": "MC2",
         "id": "Tide Turners Ltd Transport"
      },
      {
         "rcvcountry": "-27",
         "dataset": "MC2",
         "id": "Mar del Golfo Limited Liability Company Forwading"
      },
      {
         "shpcountry": "Kondanovia",
         "dataset": "MC2",
         "id": "N\u00e1utica del Sol A/S"
      },
      {
         "rcvcountry": "-27",
         "dataset": "MC2",
         "id": "l\u00fa y\u00fa GmbH & Co. KG"
      },
      {
         "shpcountry": "Marebak",
         "dataset": "MC2",
         "id": "Reef Rascals Fish  Oyj Import"
      },
      {
         "rcvcountry": "-27",
         "dataset": "MC2",
         "id": "Pao gan SE Seal"
      },
      {
         "shpcountry": "-27",
         "dataset": "MC2",
         "id": "Mar del Oeste Transport"
      },
      {
         "shpcountry": "-27",
         "dataset": "MC2",
         "id": "Mar y Luna GmbH"
      },
      {
         "rcvcountry": "-27",
         "dataset": "MC2",
         "id": "Seashell Seekers Ltd. Corporation Transit"
      },
      {
         "shpcountry": "-27",
         "dataset": "MC2",
         "id": "Nile   S.A. de C.V."
      },
      {
         "shpcountry": "Merigrad",
         "dataset": "MC2",
         "id": "Nautical Navigators Limited Liability Company Holdings"
      },
      {
         "rcvcountry": "Azurionix",
         "dataset": "MC2",
         "id": "CoralCove GmbH & Co. KG"
      },
      {
         "shpcountry": "-27",
         "dataset": "MC2",
         "id": "Fan er  Ltd. Corporation"
      },
      {
         "rcvcountry": "-27",
         "dataset": "MC2",
         "id": "Irish Scallop Inc Freight "
      },
      {
         "shpcountry": "-27",
         "dataset": "MC2",
         "id": "Madagascar   Ltd. Corporation Express"
      },
      {
         "rcvcountry": "-27",
         "dataset": "MC2",
         "id": "Sailors and Surfers Incorporated Enterprises"
      },
      {
         "shpcountry": "-27",
         "dataset": "MC2",
         "id": "Playa del Sol Limited Liability Company Logistics"
      },
      {
         "rcvcountry": "-27",
         "dataset": "MC2",
         "id": "Black Sea Tuna Sagl"
      },
      {
         "rcvcountry": "-27",
         "dataset": "MC2",
         "id": "Caracola del Sol Services"
      },
      {
         "shpcountry": "-27",
         "dataset": "MC2",
         "id": "Uttar Pradesh s CJSC"
      },
      {
         "shpcountry": "Marebak",
         "dataset": "MC2",
         "id": "xi\u01ceo l\u00f3ng xi\u0101 LC"
      },
      {
         "rcvcountry": "-27",
         "dataset": "MC2",
         "id": "-49"
      },
      {
         "shpcountry": "Vesperanda",
         "dataset": "MC2",
         "id": "Black Sea Anchovy Pic Wharf"
      },
      {
         "shpcountry": "Marebak",
         "dataset": "MC2",
         "id": "Mar del Caribe LLC"
      },
      {
         "shpcountry": "-27",
         "dataset": "MC2",
         "id": "Dutch  Ltd. Liability Co Consultants"
      },
      {
         "shpcountry": "-27",
         "dataset": "MC2",
         "id": "Mar de la Felicidad NV Investment"
      },
      {
         "rcvcountry": "-27",
         "dataset": "MC2",
         "id": "Selkie GmbH Marine life"
      },
      {
         "shpcountry": "-27",
         "dataset": "MC2",
         "id": "Coral Rojo \u041e\u0410\u041e Lighthouse"
      },
      {
         "shpcountry": "-27",
         "dataset": "MC2",
         "id": "Danish Plaice Swordfish AB Shipping"
      },
      {
         "shpcountry": "Oceanus",
         "dataset": "MC2",
         "id": "Vleikurper Limited Liability Company Transport"
      },
      {
         "shpcountry": "Puerto Sol",
         "rcvcountry": "-27",
         "dataset": "MC2",
         "id": "Maharashtra   Compass Ltd. Liability Co Transportation"
      },
      {
         "shpcountry": "Alverossia",
         "dataset": "MC2",
         "id": "Mar del Para\u00edso Sp"
      },
      {
         "shpcountry": "Oceanus",
         "dataset": "MC2",
         "id": "Oceanic Oracle GmbH & Co. KG"
      },
      {
         "shpcountry": "Oceanus",
         "dataset": "MC2",
         "id": "Arunachal Pradesh s Ltd. Corporation Coast"
      },
      {
         "rcvcountry": "-27",
         "dataset": "MC2",
         "id": "Portuguese Tuna A/S Cargo"
      },
      {
         "shpcountry": "-27",
         "dataset": "MC2",
         "id": "j\u012bng GmbH Marine conservation"
      },
      {
         "rcvcountry": "-27",
         "dataset": "MC2",
         "id": "Himachal Pradesh   A/S Marine conservation"
      },
      {
         "shpcountry": "-27",
         "dataset": "MC2",
         "id": "Seashore Sanctuary N.V. Consultants"
      },
      {
         "rcvcountry": "Coralmarica",
         "dataset": "MC2",
         "id": "Diao yu bi sai  Ltd. Liability Co"
      },
      {
         "shpcountry": "-27",
         "dataset": "MC2",
         "id": "Aquatic Adventures Ltd. Liability Co"
      },
      {
         "rcvcountry": "Azurionix",
         "dataset": "MC2",
         "id": "Fisherman's Best Marine conservation"
      },
      {
         "rcvcountry": "Azurionix",
         "dataset": "MC2",
         "id": "Oc\u00e9ano de Coral Corporation Express"
      },
      {
         "shpcountry": "-27",
         "dataset": "MC2",
         "id": "SeaScape Foods Ltd. Liability Co"
      },
      {
         "shpcountry": "Mawazam",
         "dataset": "MC2",
         "id": "Playa del Mar OJSC Jetty"
      },
      {
         "rcvcountry": "-27",
         "dataset": "MC2",
         "id": "Playa Blanca Sagl Shipping"
      },
      {
         "shpcountry": "-27",
         "dataset": "MC2",
         "id": "CoralCrest Inc and Son's"
      },
      {
         "rcvcountry": "-27",
         "dataset": "MC2",
         "id": "Caracola Azul Ltd. Corporation"
      },
      {
         "shpcountry": "-27",
         "dataset": "MC2",
         "id": "S.A. de C.V. Sagl"
      },
      {
         "rcvcountry": "Azurionix",
         "dataset": "MC2",
         "id": "N\u00e1utica del Sol Corporation"
      },
      {
         "shpcountry": "Isliandor",
         "dataset": "MC2",
         "id": "SeaBass  Leska N.V. International"
      },
      {
         "rcvcountry": "-27",
         "dataset": "MC2",
         "id": "Punjab  Market Ltd. Corporation"
      },
      {
         "shpcountry": "-27",
         "dataset": "MC2",
         "id": "LLC S.A. de C.V."
      },
      {
         "rcvcountry": "-27",
         "dataset": "MC2",
         "id": "Niger Bend   Limited Liability Company Marine ecology"
      },
      {
         "shpcountry": "Alverossia",
         "dataset": "MC2",
         "id": "The Salty Dog Logistics Leska"
      },
      {
         "rcvcountry": "Azurionix",
         "dataset": "MC2",
         "id": "-63"
      },
      {
         "shpcountry": "Isliandor",
         "dataset": "MC2",
         "id": "Cameroon Estuary  Co Investment"
      },
      {
         "shpcountry": "-27",
         "dataset": "MC2",
         "id": "Estrella de Mar Consultants -"
      },
      {
         "rcvcountry": "Azurionix",
         "dataset": "MC2",
         "id": "Caracola Azul Oyj &"
      },
      {
         "shpcountry": "-27",
         "dataset": "MC2",
         "id": "b\u00e1i su\u014d w\u011bn l\u00fa AS"
      },
      {
         "shpcountry": "-27",
         "dataset": "MC2",
         "id": "Jiyu  Barracuda A/S Line"
      },
      {
         "shpcountry": "Marebak",
         "dataset": "MC2",
         "id": "Cape of Good Hope   Corporation"
      },
      {
         "shpcountry": "-27",
         "dataset": "MC2",
         "id": "Nagaland Sea Catch AS"
      },
      {
         "shpcountry": "Kondanovia",
         "dataset": "MC2",
         "id": "Beach Breakers Ltd. Corporation Marine conservation"
      },
      {
         "shpcountry": "Marebak",
         "dataset": "MC2",
         "id": "Poseidon AG Marine sanctuary"
      },
      {
         "rcvcountry": "Azurionix",
         "dataset": "MC2",
         "id": "Togo  S.A. de C.V."
      },
      {
         "shpcountry": "-27",
         "dataset": "MC2",
         "id": "Asiotr Green  SE Marine sanctuary"
      },
      {
         "rcvcountry": "Azurionix",
         "dataset": "MC2",
         "id": "Coral Cove BV Delivery"
      },
      {
         "rcvcountry": "-27",
         "dataset": "MC2",
         "id": "Big Sulphur  AS Holdings"
      },
      {
         "shpcountry": "Marebak",
         "dataset": "MC2",
         "id": "Irish Mackerel Ltd. Liability Co Marine mist"
      },
      {
         "shpcountry": "Islavaria",
         "dataset": "MC2",
         "id": "Oceanfront Oases A/S Transportation"
      },
      {
         "shpcountry": "Marebak",
         "dataset": "MC2",
         "id": "Senegal River  AS International"
      },
      {
         "shpcountry": "-27",
         "dataset": "MC2",
         "id": "Surf's Up  Kga Solutions"
      },
      {
         "rcvcountry": "Oceanus",
         "dataset": "MC2",
         "id": "Surf's Up s AS Brothers"
      },
      {
         "rcvcountry": "Azurionix",
         "dataset": "MC2",
         "id": "Brisa del Mar LC"
      },
      {
         "shpcountry": "-27",
         "dataset": "MC2",
         "id": "Coral Cove GmbH & Co. KG Solutions"
      },
      {
         "rcvcountry": "-27",
         "dataset": "MC2",
         "id": "Saharan Oasis  SRL Merchants"
      },
      {
         "rcvcountry": "-27",
         "dataset": "MC2",
         "id": "Haryana s Sagl Transport"
      },
      {
         "rcvcountry": "-27",
         "dataset": "MC2",
         "id": "Fresh Ltd. Liability Co"
      },
      {
         "shpcountry": "Alverossia",
         "dataset": "MC2",
         "id": "Leucosia Limited Liability Company Marine conservation"
      },
      {
         "shpcountry": "Marebak",
         "dataset": "MC2",
         "id": "Barents Sea  GmbH Cargo "
      },
      {
         "rcvcountry": "-27",
         "dataset": "MC2",
         "id": "Coral Cove Corporation Delivery"
      },
      {
         "shpcountry": "Alverossia",
         "dataset": "MC2",
         "id": "Blue Water Ventures NV"
      },
      {
         "rcvcountry": "Azurionix",
         "dataset": "MC2",
         "id": "Ocean Observers Inc Marine life"
      },
      {
         "shpcountry": "-27",
         "dataset": "MC2",
         "id": "Costa de la Felicidad GmbH"
      },
      {
         "rcvcountry": "-27",
         "dataset": "MC2",
         "id": "-64"
      },
      {
         "shpcountry": "Talandria",
         "dataset": "MC2",
         "id": "Mar y Viento A/S"
      },
      {
         "rcvcountry": "Azurionix",
         "dataset": "MC2",
         "id": "Coral del Sur LC Export"
      },
      {
         "shpcountry": "Mawazam",
         "dataset": "MC2",
         "id": "Anthony Limited Liability Company"
      },
      {
         "rcvcountry": "-27",
         "dataset": "MC2",
         "id": "Zambezi Valley  SRL Overseas"
      },
      {
         "shpcountry": "-27",
         "dataset": "MC2",
         "id": "East Ltd. Liability Co"
      },
      {
         "rcvcountry": "Azurionix",
         "dataset": "MC2",
         "id": "Yu xian  SRL Industrial"
      },
      {
         "shpcountry": "Rio Isla",
         "dataset": "MC2",
         "id": "b\u00e1i su\u014d w\u011bn l\u00fa BV"
      },
      {
         "rcvcountry": "-27",
         "dataset": "MC2",
         "id": "The Salted Pearl SRL"
      },
      {
         "shpcountry": "-27",
         "dataset": "MC2",
         "id": "Gulf of Tadjoura  AS"
      },
      {
         "shpcountry": "-27",
         "dataset": "MC2",
         "id": "Baltic Sprat Pic Freight "
      },
      {
         "shpcountry": "Marebak",
         "dataset": "MC2",
         "id": "Blue Water Ventures Co"
      },
      {
         "rcvcountry": "-27",
         "dataset": "MC2",
         "id": "Ob River N.V. Shipping"
      },
      {
         "shpcountry": "Kondanovia",
         "dataset": "MC2",
         "id": "Okavango River  NV Marine life"
      },
      {
         "shpcountry": "-27",
         "dataset": "MC2",
         "id": "The Sea Lion Incorporated"
      },
      {
         "rcvcountry": "-27",
         "dataset": "MC2",
         "id": "William Inc Marine sanctuary"
      },
      {
         "shpcountry": "-27",
         "dataset": "MC2",
         "id": "N\u00e1utica del Mar AG"
      },
      {
         "shpcountry": "-27",
         "dataset": "MC2",
         "id": "Chuan gou  Ltd Marine ecology"
      },
      {
         "shpcountry": "-27",
         "dataset": "MC2",
         "id": "Manipur  Market Corporation Cargo"
      },
      {
         "rcvcountry": "Azurionix",
         "dataset": "MC2",
         "id": "Sea Breeze Corporation Marine sanctuary"
      },
      {
         "shpcountry": "Osterivaria",
         "dataset": "MC2",
         "id": "Irish Trout NV Carriers"
      },
      {
         "rcvcountry": "-27",
         "dataset": "MC2",
         "id": "Isla Azul Seafoam GmbH & Co. KG Forwading"
      },
      {
         "shpcountry": "Zawalinda",
         "dataset": "MC2",
         "id": "Limpopo River  AB Consultants"
      },
      {
         "rcvcountry": "-27",
         "dataset": "MC2",
         "id": "-51"
      },
      {
         "shpcountry": "Kondanovia",
         "dataset": "MC2",
         "id": "The Salted Pearl AG Marine conservation"
      },
      {
         "shpcountry": "Marebak",
         "dataset": "MC2",
         "id": "Maharashtra   Limited Liability Company"
      },
      {
         "shpcountry": "Marebak",
         "dataset": "MC2",
         "id": "Sea Breezes N.V. Canal"
      },
      {
         "rcvcountry": "-27",
         "dataset": "MC2",
         "id": "Caracola del Sol LLC"
      },
      {
         "shpcountry": "Marebak",
         "dataset": "MC2",
         "id": "SurfSide Limited Liability Company"
      },
      {
         "rcvcountry": "-27",
         "dataset": "MC2",
         "id": "Meghalaya  Sandbar S.p.A. Services"
      },
      {
         "shpcountry": "Talandria",
         "dataset": "MC2",
         "id": "Haryana Sea  Mussel Inc Export"
      },
      {
         "rcvcountry": "-27",
         "dataset": "MC2",
         "id": "Uttar Pradesh s Barracuda"
      },
      {
         "shpcountry": "-27",
         "dataset": "MC2",
         "id": "Ancla Marina & Ltd. Liability Co Distribution"
      },
      {
         "rcvcountry": "-27",
         "dataset": "MC2",
         "id": "David Ltd. Liability Co"
      },
      {
         "shpcountry": "-27",
         "dataset": "MC2",
         "id": "Victoria Falls   Pier Corp Solutions"
      },
      {
         "rcvcountry": "-27",
         "dataset": "MC2",
         "id": "-13"
      },
      {
         "shpcountry": "Kondanovia",
         "rcvcountry": "Oceanus",
         "dataset": "MC2",
         "id": "Caracola Marina - Plc Enterprises"
      },
      {
         "rcvcountry": "Oceanus",
         "dataset": "MC2",
         "id": "Ola Azul River LLC Forwading"
      },
      {
         "shpcountry": "Gavanovia",
         "dataset": "MC2",
         "id": "Telangana  Wakame CJSC United"
      },
      {
         "rcvcountry": "Oceanus",
         "dataset": "MC2",
         "id": "Estrella de Coral AG Worldwide"
      },
      {
         "rcvcountry": "Azurionix",
         "dataset": "MC2",
         "id": "-65"
      },
      {
         "shpcountry": "Kondanovia",
         "dataset": "MC2",
         "id": "Mar de la Luna Ltd. Corporation"
      },
      {
         "rcvcountry": "-27",
         "dataset": "MC2",
         "id": "-2"
      },
      {
         "shpcountry": "-27",
         "dataset": "MC2",
         "id": "Saltwater Sanctuary NV Delivery"
      },
      {
         "shpcountry": "Rio Isla",
         "dataset": "MC2",
         "id": "Selous Game Reserve  A/S"
      },
      {
         "rcvcountry": "Azurionix",
         "dataset": "MC2",
         "id": "-52"
      },
      {
         "rcvcountry": "-27",
         "dataset": "MC2",
         "id": "h\u01cei m\u01ce Sagl Express"
      },
      {
         "shpcountry": "Marebak",
         "dataset": "MC2",
         "id": "Congo Rapids   Ges.m.b.H. Forwading"
      },
      {
         "rcvcountry": "-27",
         "dataset": "MC2",
         "id": "Stichting S.A. de C.V. and"
      },
      {
         "shpcountry": "-27",
         "dataset": "MC2",
         "id": "Sea Spray AS Cargo"
      },
      {
         "shpcountry": "-27",
         "dataset": "MC2",
         "id": "N\u00e1utica del Mar Barracuda"
      },
      {
         "shpcountry": "-27",
         "dataset": "MC2",
         "id": "katushka Barracuda Inc and Son's"
      },
      {
         "rcvcountry": "-27",
         "dataset": "MC2",
         "id": "Edward S.A. de C.V."
      },
      {
         "shpcountry": "-27",
         "dataset": "MC2",
         "id": "Caracola del Este Plc United"
      },
      {
         "shpcountry": "Puerto del Mar",
         "dataset": "MC2",
         "id": "Blue Nile  OJSC Logistics"
      },
      {
         "rcvcountry": "-27",
         "dataset": "MC2",
         "id": "Kong zhong diao yu  Ges.m.b.H."
      },
      {
         "shpcountry": "Marebak",
         "dataset": "MC2",
         "id": "Northeast Sea S.p.A. Marine"
      },
      {
         "shpcountry": "Marebak",
         "dataset": "MC2",
         "id": "Surf's Up s Corp"
      },
      {
         "rcvcountry": "Azurionix",
         "dataset": "MC2",
         "id": "-5"
      },
      {
         "shpcountry": "Marebak",
         "dataset": "MC2",
         "id": "j\u012bng GmbH & Co. KG"
      },
      {
         "shpcountry": "Alverossia",
         "dataset": "MC2",
         "id": "Joseph Ltd. Liability Co Transit"
      },
      {
         "shpcountry": "Utoporiana",
         "dataset": "MC2",
         "id": "Jammu & Kashmir  GmbH & Co. KG and Son's"
      },
      {
         "shpcountry": "-27",
         "dataset": "MC2",
         "id": "Lake Motoso  Sagl Brothers"
      },
      {
         "shpcountry": "-27",
         "dataset": "MC2",
         "id": "Caracola de Coral Limited Liability Company Barracuda"
      },
      {
         "shpcountry": "Mawazam",
         "dataset": "MC2",
         "id": "Tsha wamba Pic Barracuda"
      },
      {
         "shpcountry": "-27",
         "dataset": "MC2",
         "id": "Mar del Oeste SE Logistics"
      },
      {
         "shpcountry": "-27",
         "dataset": "MC2",
         "id": "Playa de Coral OJSC"
      },
      {
         "rcvcountry": "Oceanus",
         "dataset": "MC2",
         "id": "Kafue River  Seagrass Limited Liability Company Marine"
      },
      {
         "shpcountry": "Rio Isla",
         "dataset": "MC2",
         "id": "Jharkhand Sea  Inc Shipping"
      },
      {
         "rcvcountry": "-27",
         "dataset": "MC2",
         "id": "-66"
      },
      {
         "shpcountry": "-27",
         "dataset": "MC2",
         "id": "Belgian Scallop Sagl Merchants"
      },
      {
         "shpcountry": "-27",
         "dataset": "MC2",
         "id": "Logistics Ltd. Liability Co"
      },
      {
         "rcvcountry": "-27",
         "dataset": "MC2",
         "id": "Yu lou  S.A. de C.V."
      },
      {
         "shpcountry": "Kethilim",
         "dataset": "MC2",
         "id": "The Sea Turtle AB"
      },
      {
         "shpcountry": "-27",
         "dataset": "MC2",
         "id": "Liyu  Cod Company Brothers"
      },
      {
         "rcvcountry": "-27",
         "dataset": "MC2",
         "id": "Nazhivka & A/S Transport"
      },
      {
         "rcvcountry": "Azurionix",
         "dataset": "MC2",
         "id": "-50"
      },
      {
         "shpcountry": "-27",
         "dataset": "MC2",
         "id": "N\u00e1utica del Sol S.A. de C.V."
      },
      {
         "rcvcountry": "-27",
         "dataset": "MC2",
         "id": "Assam  Market Tilapia Ltd Worldwide"
      },
      {
         "rcvcountry": "-27",
         "dataset": "MC2",
         "id": "Marmooska Hull Limited Liability Company Solutions"
      }
   ],
   "links": [
      {
         "arrivaldate": "2034-10-09",
         "hscode": 381190,
         "valueofgoods_omu": 23808010.0,
         "generated_by": "mackerel",
         "dataset": "MC2",
         "source": "Manipur  Market Charter Boat ",
         "target": "Playa de la Luna Incorporated"
      },
      {
         "arrivaldate": "2035-02-11",
         "hscode": 320417,
         "valueofgoods_omu": 242150.0,
         "generated_by": "mackerel",
         "dataset": "MC2",
         "source": "Chhattisgarh  A/S & Son's",
         "target": "Sea Breezes GmbH & Co. KG Shark"
      },
      {
         "arrivaldate": "2035-02-17",
         "hscode": 860900,
         "generated_by": "mackerel",
         "dataset": "MC2",
         "source": "Oceanic Explorers Sashimi Inc Solutions",
         "target": "Oceanic Explorers Sashimi Inc Solutions"
      },
      {
         "arrivaldate": "2035-01-03",
         "hscode": 848180,
         "generated_by": "mackerel",
         "dataset": "MC2",
         "source": "Oceanic Explorers Sashimi Inc Solutions",
         "target": "Oceanic Explorers Sashimi Inc Solutions"
      },
      {
         "arrivaldate": "2035-01-25",
         "hscode": 870899,
         "generated_by": "mackerel",
         "dataset": "MC2",
         "source": "Oceanic Explorers Sashimi Inc Solutions",
         "target": "Oceanic Explorers Sashimi Inc Solutions"
      },
      {
         "arrivaldate": "2034-11-16",
         "hscode": 851629,
         "generated_by": "mackerel",
         "dataset": "MC2",
         "source": "Oceanic Explorers Sashimi Inc Solutions",
         "target": "Oceanic Explorers Sashimi Inc Solutions"
      },
      {
         "arrivaldate": "2034-08-05",
         "hscode": 841490,
         "generated_by": "mackerel",
         "dataset": "MC2",
         "source": "Oceanic Explorers Sashimi Inc Solutions",
         "target": "Oceanic Explorers Sashimi Inc Solutions"
      },
      {
         "arrivaldate": "2035-01-29",
         "hscode": 200989,
         "generated_by": "mackerel",
         "dataset": "MC2",
         "source": "Kong zhong diao yu  Ltd",
         "target": "Mar del Este CJSC"
      },
      {
         "arrivaldate": "2034-10-02",
         "hscode": 210690,
         "generated_by": "mackerel",
         "dataset": "MC2",
         "source": "Kong zhong diao yu  Ltd",
         "target": "h\u01cei d\u01cen Corporation Wharf"
      },
      {
         "arrivaldate": "2035-01-01",
         "hscode": 340213,
         "valueofgoods_omu": 213170.0,
         "generated_by": "mackerel",
         "dataset": "MC2",
         "source": "Lake Tana  N.V. Enterprises",
         "target": "Haryana Sea  Plc Consulting"
      },
      {
         "arrivaldate": "2035-02-15",
         "hscode": 481159,
         "valueofgoods_omu": 230.0,
         "generated_by": "mackerel",
         "dataset": "MC2",
         "source": "Madhya GmbH & Co. KG Family",
         "target": "Ancla Azul Transportation Seafaring"
      },
      {
         "arrivaldate": "2034-12-15",
         "hscode": 847330,
         "generated_by": "mackerel",
         "dataset": "MC2",
         "source": "Madhya GmbH & Co. KG Family",
         "target": "h\u01cei d\u01cen Corporation Wharf"
      },
      {
         "arrivaldate": "2034-05-28",
         "hscode": 852872,
         "generated_by": "mackerel",
         "dataset": "MC2",
         "source": "Bah\u00eda del Sol Merchants Catchers",
         "target": "Bah\u00eda Azul Limited Liability Company"
      },
      {
         "arrivaldate": "2034-11-03",
         "hscode": 30312,
         "valueofgoods_omu": 341240.0,
         "generated_by": "mackerel",
         "dataset": "MC2",
         "source": "Isla del Mar BV",
         "target": "Ola de la Costa Corporation United"
      },
      {
         "arrivaldate": "2035-01-20",
         "hscode": 20329,
         "valueofgoods_omu": 70045.0,
         "generated_by": "mackerel",
         "dataset": "MC2",
         "source": "Costa del Sol Co",
         "target": "Black Sea Tuna Snapper"
      },
      {
         "arrivaldate": "2035-02-08",
         "hscode": 841370,
         "generated_by": "mackerel",
         "dataset": "MC2",
         "source": "Maharashtra ers Incorporated Express",
         "target": "Black Sea Tuna Snapper"
      },
      {
         "arrivaldate": "2035-02-24",
         "hscode": 630222,
         "valueofgoods_omu": 2200.0,
         "generated_by": "mackerel",
         "dataset": "MC2",
         "source": "Maharashtra ers Incorporated Express",
         "target": "Maharashtra   Compass Ltd. Liability Co Transportation"
      },
      {
         "arrivaldate": "2035-01-01",
         "hscode": 950300,
         "generated_by": "mackerel",
         "dataset": "MC2",
         "source": "Maharashtra ers Incorporated Express",
         "target": "The Salted Pearl SRL"
      },
      {
         "arrivaldate": "2034-05-03",
         "hscode": 950300,
         "generated_by": "mackerel",
         "dataset": "MC2",
         "source": "Maharashtra ers Incorporated Express",
         "target": "-50"
      },
      {
         "arrivaldate": "2034-12-10",
         "hscode": 30759,
         "valueofgoods_omu": 96285.0,
         "generated_by": "mackerel",
         "dataset": "MC2",
         "source": "Mar y Luna LC Transportation",
         "target": "-62"
      },
      {
         "arrivaldate": "2034-05-15",
         "hscode": 844331,
         "generated_by": "mackerel",
         "dataset": "MC2",
         "source": "Jammu Ltd. Liability Co",
         "target": "Coral del Sur Ltd. Corporation Investment"
      },
      {
         "arrivaldate": "2034-09-13",
         "hscode": 960200,
         "generated_by": "mackerel",
         "dataset": "MC2",
         "source": "Punjab s LC Express",
         "target": "N.V. Ltd. Liability Co"
      },
      {
         "arrivaldate": "2034-07-20",
         "hscode": 30481,
         "valueofgoods_omu": 158080.0,
         "generated_by": "mackerel",
         "dataset": "MC2",
         "source": "Marine Masterminds Kga Line",
         "target": "Casablanca Coast  Flounder Oyj Line"
      },
      {
         "arrivaldate": "2034-10-16",
         "hscode": 390769,
         "valueofgoods_omu": 121105.0,
         "generated_by": "mackerel",
         "dataset": "MC2",
         "source": "Zambezi Valley  Marine biology",
         "target": "Rift Valley fishery Inc"
      },
      {
         "arrivaldate": "2034-09-05",
         "hscode": 30489,
         "valueofgoods_omu": 147025.0,
         "generated_by": "mackerel",
         "dataset": "MC2",
         "source": "Arunachal Pradesh s AS & Son's",
         "target": "3 Oceanography \u041e\u0410\u041e Marine life"
      },
      {
         "arrivaldate": "2034-08-29",
         "hscode": 401693,
         "generated_by": "mackerel",
         "dataset": "MC2",
         "source": "Vespuci Limited Liability Company Enterprises",
         "target": "Italian Sardines Inc Carriers"
      },
      {
         "arrivaldate": "2034-10-23",
         "hscode": 30489,
         "valueofgoods_omu": 253230.0,
         "generated_by": "mackerel",
         "dataset": "MC2",
         "source": "Victoria Falls   N.V. Carriers",
         "target": "Turkish Salmon A/S Marine"
      },
      {
         "arrivaldate": "2034-10-21",
         "hscode": 950300,
         "generated_by": "mackerel",
         "dataset": "MC2",
         "source": "Zale Limited Liability Company",
         "target": "Sea Breezes GmbH & Co. KG Shark"
      },
      {
         "arrivaldate": "2034-11-29",
         "hscode": 40690,
         "valueofgoods_omu": 169055.0,
         "generated_by": "mackerel",
         "dataset": "MC2",
         "source": "Chhattisgarh  GmbH & Co. KG Brothers",
         "target": "Costa de la Felicidad Shipping"
      },
      {
         "arrivaldate": "2034-05-07",
         "hscode": 40510,
         "valueofgoods_omu": 93760.0,
         "generated_by": "mackerel",
         "dataset": "MC2",
         "source": "Chhattisgarh  GmbH & Co. KG Brothers",
         "target": "-66"
      },
      {
         "arrivaldate": "2034-08-27",
         "hscode": 841810,
         "generated_by": "mackerel",
         "dataset": "MC2",
         "source": "French Crab S.p.A. Worldwide",
         "target": "Saltwater Supreme \u041e\u0410\u041e Forwading"
      },
      {
         "arrivaldate": "2034-10-09",
         "hscode": 841899,
         "generated_by": "mackerel",
         "dataset": "MC2",
         "source": "French Crab S.p.A. Worldwide",
         "target": "Saltwater Supreme \u041e\u0410\u041e Forwading"
      },
      {
         "arrivaldate": "2034-04-10",
         "hscode": 842211,
         "generated_by": "mackerel",
         "dataset": "MC2",
         "source": "French Crab S.p.A. Worldwide",
         "target": "Saltwater Supreme \u041e\u0410\u041e Forwading"
      },
      {
         "arrivaldate": "2034-11-01",
         "hscode": 841810,
         "generated_by": "mackerel",
         "dataset": "MC2",
         "source": "French Crab S.p.A. Worldwide",
         "target": "Saltwater Supreme \u041e\u0410\u041e Forwading"
      },
      {
         "arrivaldate": "2034-12-26",
         "hscode": 841810,
         "generated_by": "mackerel",
         "dataset": "MC2",
         "source": "French Crab S.p.A. Worldwide",
         "target": "Saltwater Supreme \u041e\u0410\u041e Forwading"
      },
      {
         "arrivaldate": "2034-11-15",
         "hscode": 841810,
         "generated_by": "mackerel",
         "dataset": "MC2",
         "source": "French Crab S.p.A. Worldwide",
         "target": "Saltwater Supreme \u041e\u0410\u041e Forwading"
      },
      {
         "arrivaldate": "2034-10-23",
         "hscode": 841810,
         "generated_by": "mackerel",
         "dataset": "MC2",
         "source": "French Crab S.p.A. Worldwide",
         "target": "Saltwater Supreme \u041e\u0410\u041e Forwading"
      },
      {
         "arrivaldate": "2035-01-22",
         "hscode": 841810,
         "generated_by": "mackerel",
         "dataset": "MC2",
         "source": "French Crab S.p.A. Worldwide",
         "target": "Saltwater Supreme \u041e\u0410\u041e Forwading"
      },
      {
         "arrivaldate": "2035-01-21",
         "hscode": 841810,
         "generated_by": "mackerel",
         "dataset": "MC2",
         "source": "French Crab S.p.A. Worldwide",
         "target": "Saltwater Supreme \u041e\u0410\u041e Forwading"
      },
      {
         "arrivaldate": "2034-07-03",
         "hscode": 841810,
         "generated_by": "mackerel",
         "dataset": "MC2",
         "source": "French Crab S.p.A. Worldwide",
         "target": "Big Sulphur  AS Holdings"
      },
      {
         "arrivaldate": "2034-05-06",
         "hscode": 760612,
         "valueofgoods_omu": 316315.0,
         "generated_by": "mackerel",
         "dataset": "MC2",
         "source": "Faroe Islands Shrimp Corporation",
         "target": "SeaTree Ltd. Liability Co Holdings"
      },
      {
         "arrivaldate": "2035-01-17",
         "hscode": 760612,
         "valueofgoods_omu": 52140.0,
         "generated_by": "mackerel",
         "dataset": "MC2",
         "source": "Faroe Islands Shrimp Corporation",
         "target": "Angrapa Ltd. Liability Co Export"
      },
      {
         "arrivaldate": "2034-10-09",
         "hscode": 350300,
         "valueofgoods_omu": 110065.0,
         "generated_by": "mackerel",
         "dataset": "MC2",
         "source": "Selkie Ltd. Liability Co",
         "target": "Baltic Flounder Sp Delivery"
      },
      {
         "arrivaldate": "2034-04-17",
         "hscode": 350300,
         "valueofgoods_omu": 102090.0,
         "generated_by": "mackerel",
         "dataset": "MC2",
         "source": "Selkie Ltd. Liability Co",
         "target": "Baltic Flounder Sp Delivery"
      },
      {
         "arrivaldate": "2035-01-28",
         "hscode": 160414,
         "valueofgoods_omu": 117005.0,
         "generated_by": "mackerel",
         "dataset": "MC2",
         "source": "Shou gan  Oyj Overseas",
         "target": "Arunachal  Dashi Inc Worldwide"
      },
      {
         "arrivaldate": "2035-01-28",
         "hscode": 382499,
         "valueofgoods_omu": 2700.0,
         "generated_by": "mackerel",
         "dataset": "MC2",
         "source": "Faroe Islands Halibut N.V. Transport",
         "target": "Madhya Pradesh   Ltd. Corporation"
      },
      {
         "arrivaldate": "2034-04-03",
         "hscode": 620342,
         "valueofgoods_omu": 93830.0,
         "generated_by": "mackerel",
         "dataset": "MC2",
         "source": "Spanish Anchovy CJSC Marine",
         "target": "Estrella de la Costa Ltd Distribution"
      },
      {
         "arrivaldate": "2034-06-28",
         "hscode": 843149,
         "generated_by": "mackerel",
         "dataset": "MC2",
         "source": "The Salty Pearl LC",
         "target": "Portuguese Tuna Bonito Kga Consultants"
      },
      {
         "arrivaldate": "2034-10-04",
         "hscode": 732690,
         "generated_by": "mackerel",
         "dataset": "MC2",
         "source": "Balkan Trout Ltd. Liability Co",
         "target": "Balkan Trout Ltd. Liability Co"
      },
      {
         "arrivaldate": "2035-02-24",
         "hscode": 870323,
         "generated_by": "mackerel",
         "dataset": "MC2",
         "source": "Ianira Starfish Sagl Import",
         "target": "Kong zhong diao yu  Express Charter Boat "
      },
      {
         "arrivaldate": "2035-01-02",
         "hscode": 870323,
         "generated_by": "mackerel",
         "dataset": "MC2",
         "source": "Ianira Starfish Sagl Import",
         "target": "Kong zhong diao yu  Express Charter Boat "
      },
      {
         "arrivaldate": "2034-08-05",
         "hscode": 870323,
         "generated_by": "mackerel",
         "dataset": "MC2",
         "source": "Ianira Starfish Sagl Import",
         "target": "Kong zhong diao yu  Express Charter Boat "
      },
      {
         "arrivaldate": "2034-09-18",
         "hscode": 870323,
         "generated_by": "mackerel",
         "dataset": "MC2",
         "source": "Ianira Starfish Sagl Import",
         "target": "Haryana s Sagl Transport"
      },
      {
         "arrivaldate": "2034-11-14",
         "hscode": 870323,
         "generated_by": "mackerel",
         "dataset": "MC2",
         "source": "Ianira Starfish Sagl Import",
         "target": "Haryana s Sagl Transport"
      },
      {
         "arrivaldate": "2035-02-28",
         "hscode": 870323,
         "generated_by": "mackerel",
         "dataset": "MC2",
         "source": "Ianira Starfish Sagl Import",
         "target": "-65"
      },
      {
         "arrivaldate": "2034-12-14",
         "hscode": 51199,
         "generated_by": "mackerel",
         "dataset": "MC2",
         "source": "ReefRider S.A. de C.V.",
         "target": "Mar del Este CJSC"
      },
      {
         "arrivaldate": "2034-11-19",
         "hscode": 30461,
         "valueofgoods_omu": 90830.0,
         "generated_by": "mackerel",
         "dataset": "MC2",
         "source": "Belgian Scallop Harbor \u041e\u0410\u041e Freight ",
         "target": "Selous Game Reserve  S.A. de C.V."
      },
      {
         "arrivaldate": "2035-02-17",
         "hscode": 950300,
         "generated_by": "mackerel",
         "dataset": "MC2",
         "source": "Ola de la Costa N.V.",
         "target": "Black Sea Tuna Snapper"
      },
      {
         "arrivaldate": "2034-11-12",
         "hscode": 940540,
         "generated_by": "mackerel",
         "dataset": "MC2",
         "source": "Mar del Caribe SRL",
         "target": "Mar de Plata BV Marine"
      },
      {
         "arrivaldate": "2034-07-29",
         "hscode": 610892,
         "valueofgoods_omu": 271255.0,
         "generated_by": "mackerel",
         "dataset": "MC2",
         "source": "Ocean Observers Ges.m.b.H. Export",
         "target": "gu\u012b y\u00fa Corporation Solutions"
      },
      {
         "arrivaldate": "2034-05-01",
         "hscode": 71029,
         "valueofgoods_omu": 40205.0,
         "generated_by": "mackerel",
         "dataset": "MC2",
         "source": "Ola Azul Ges.m.b.H. Services",
         "target": "Mar del Este CJSC"
      },
      {
         "arrivaldate": "2035-01-07",
         "hscode": 210690,
         "generated_by": "mackerel",
         "dataset": "MC2",
         "source": "Surf's Up s Snapper",
         "target": "h\u01cei d\u01cen Corporation Wharf"
      },
      {
         "arrivaldate": "2035-02-27",
         "hscode": 620343,
         "valueofgoods_omu": 217110.0,
         "generated_by": "mackerel",
         "dataset": "MC2",
         "source": "Coastal Cruisers Pic Shipping",
         "target": "h\u01cei d\u01cen Corporation Wharf"
      },
      {
         "arrivaldate": "2034-11-22",
         "hscode": 940382,
         "generated_by": "mackerel",
         "dataset": "MC2",
         "source": "Coastal Cruisers Pic Shipping",
         "target": "Brisa del Mar LC"
      },
      {
         "arrivaldate": "2034-11-17",
         "hscode": 950300,
         "generated_by": "mackerel",
         "dataset": "MC2",
         "source": "Coastal Cruisers Pic Shipping",
         "target": "h\u01cei m\u01ce Sagl Express"
      },
      {
         "arrivaldate": "2034-08-06",
         "hscode": 950300,
         "generated_by": "mackerel",
         "dataset": "MC2",
         "source": "Coastal Cruisers Pic Shipping",
         "target": "Oc\u00e9ano de Coral Corporation Express"
      },
      {
         "arrivaldate": "2035-02-14",
         "hscode": 30323,
         "valueofgoods_omu": 41125.0,
         "generated_by": "mackerel",
         "dataset": "MC2",
         "source": "Greek Octopus Ltd. Corporation",
         "target": "Ancla de Oro Kga Import"
      },
      {
         "arrivaldate": "2034-09-15",
         "hscode": 262190,
         "generated_by": "mackerel",
         "dataset": "MC2",
         "source": "Ancla de Oro Kga Import",
         "target": "Ola Azul River LLC Forwading"
      },
      {
         "arrivaldate": "2034-12-09",
         "hscode": 842420,
         "generated_by": "mackerel",
         "dataset": "MC2",
         "source": "Tshikwea Ltd. Liability Co",
         "target": "Belgian Shrimps Ocean Corp Holdings"
      },
      {
         "arrivaldate": "2035-01-24",
         "hscode": 850940,
         "generated_by": "mackerel",
         "dataset": "MC2",
         "source": "Tshikwea Ltd. Liability Co",
         "target": "Kong zhong diao yu  Ges.m.b.H."
      },
      {
         "arrivaldate": "2035-02-06",
         "hscode": 850760,
         "generated_by": "mackerel",
         "dataset": "MC2",
         "source": "Lake Victoria Catch  SE",
         "target": "Kilimajaro Slopes   Oceanfront AB Overseas"
      },
      {
         "arrivaldate": "2035-02-09",
         "hscode": 30475,
         "valueofgoods_omu": 235140.0,
         "generated_by": "mackerel",
         "dataset": "MC2",
         "source": "David Limited Liability Company Worldwide",
         "target": "Belgian Cod BV Solutions"
      },
      {
         "arrivaldate": "2034-11-13",
         "hscode": 390810,
         "valueofgoods_omu": 44910.0,
         "generated_by": "mackerel",
         "dataset": "MC2",
         "source": "z\u016bn y\u00fa Limited Liability Company",
         "target": "Uttarakhand  Market Limited Liability Company Nautical"
      },
      {
         "arrivaldate": "2034-10-28",
         "hscode": 940179,
         "generated_by": "mackerel",
         "dataset": "MC2",
         "source": "Jharkhand  Ltd. Liability Co Worldwide",
         "target": "TunaTreat Company Marine sanctuary"
      },
      {
         "arrivaldate": "2034-05-20",
         "hscode": 611020,
         "valueofgoods_omu": 19610.0,
         "generated_by": "mackerel",
         "dataset": "MC2",
         "source": "Jharkhand  Ltd. Liability Co Worldwide",
         "target": "Black Sea Tuna Snapper"
      },
      {
         "arrivaldate": "2034-09-20",
         "hscode": 590310,
         "valueofgoods_omu": 62060.0,
         "generated_by": "mackerel",
         "dataset": "MC2",
         "source": "Tide Turners Ltd Transport",
         "target": "Mar del Golfo Limited Liability Company Forwading"
      },
      {
         "arrivaldate": "2034-11-15",
         "hscode": 870830,
         "generated_by": "mackerel",
         "dataset": "MC2",
         "source": "N\u00e1utica del Sol A/S",
         "target": "l\u00fa y\u00fa GmbH & Co. KG"
      },
      {
         "arrivaldate": "2034-06-04",
         "hscode": 640399,
         "generated_by": "mackerel",
         "dataset": "MC2",
         "source": "Reef Rascals Fish  Oyj Import",
         "target": "Pao gan SE Seal"
      },
      {
         "arrivaldate": "2034-10-01",
         "hscode": 590190,
         "valueofgoods_omu": 35730.0,
         "generated_by": "mackerel",
         "dataset": "MC2",
         "source": "Mar del Oeste Transport",
         "target": "Saltwater Supreme \u041e\u0410\u041e Forwading"
      },
      {
         "arrivaldate": "2035-02-07",
         "hscode": 681099,
         "generated_by": "mackerel",
         "dataset": "MC2",
         "source": "Mar y Luna GmbH",
         "target": "Seashell Seekers Ltd. Corporation Transit"
      },
      {
         "arrivaldate": "2034-10-26",
         "hscode": 700721,
         "generated_by": "mackerel",
         "dataset": "MC2",
         "source": "Nile   S.A. de C.V.",
         "target": "Uttarakhand  Market Limited Liability Company Nautical"
      },
      {
         "arrivaldate": "2034-12-10",
         "hscode": 870899,
         "generated_by": "mackerel",
         "dataset": "MC2",
         "source": "Nile   S.A. de C.V.",
         "target": "Caracola del Sol Services"
      },
      {
         "arrivaldate": "2034-08-22",
         "hscode": 700711,
         "generated_by": "mackerel",
         "dataset": "MC2",
         "source": "Nile   S.A. de C.V.",
         "target": "Caracola del Sol Services"
      },
      {
         "arrivaldate": "2034-06-14",
         "hscode": 640411,
         "generated_by": "mackerel",
         "dataset": "MC2",
         "source": "Nautical Navigators Limited Liability Company Holdings",
         "target": "CoralCove GmbH & Co. KG"
      },
      {
         "arrivaldate": "2034-10-23",
         "hscode": 30749,
         "valueofgoods_omu": 107010.0,
         "generated_by": "mackerel",
         "dataset": "MC2",
         "source": "Fan er  Ltd. Corporation",
         "target": "Irish Scallop Inc Freight "
      },
      {
         "arrivaldate": "2034-12-20",
         "hscode": 420212,
         "generated_by": "mackerel",
         "dataset": "MC2",
         "source": "Madagascar   Ltd. Corporation Express",
         "target": "Sailors and Surfers Incorporated Enterprises"
      },
      {
         "arrivaldate": "2034-11-18",
         "hscode": 844790,
         "generated_by": "mackerel",
         "dataset": "MC2",
         "source": "Playa del Sol Limited Liability Company Logistics",
         "target": "Black Sea Tuna Sagl"
      },
      {
         "arrivaldate": "2035-02-27",
         "hscode": 940389,
         "generated_by": "mackerel",
         "dataset": "MC2",
         "source": "Uttar Pradesh s CJSC",
         "target": "h\u01cei d\u01cen Corporation Wharf"
      },
      {
         "arrivaldate": "2034-11-18",
         "hscode": 401699,
         "valueofgoods_omu": 43420.0,
         "generated_by": "mackerel",
         "dataset": "MC2",
         "source": "Uttar Pradesh s CJSC",
         "target": "h\u01cei d\u01cen Corporation Wharf"
      },
      {
         "arrivaldate": "2035-01-29",
         "hscode": 481910,
         "valueofgoods_omu": 68060.0,
         "generated_by": "mackerel",
         "dataset": "MC2",
         "source": "Uttar Pradesh s CJSC",
         "target": "Oc\u00e9ano de Coral Corporation Express"
      },
      {
         "arrivaldate": "2034-10-08",
         "hscode": 950590,
         "valueofgoods_omu": 50925.0,
         "generated_by": "mackerel",
         "dataset": "MC2",
         "source": "Uttar Pradesh s CJSC",
         "target": "Oc\u00e9ano de Coral Corporation Express"
      },
      {
         "arrivaldate": "2035-01-12",
         "hscode": 640520,
         "generated_by": "mackerel",
         "dataset": "MC2",
         "source": "Uttar Pradesh s CJSC",
         "target": "Ocean Observers Inc Marine life"
      },
      {
         "arrivaldate": "2035-02-18",
         "hscode": 732290,
         "generated_by": "mackerel",
         "dataset": "MC2",
         "source": "Uttar Pradesh s CJSC",
         "target": "Coral Cove Corporation Delivery"
      },
      {
         "arrivaldate": "2034-12-15",
         "hscode": 481950,
         "valueofgoods_omu": 132005.0,
         "generated_by": "mackerel",
         "dataset": "MC2",
         "source": "Uttar Pradesh s CJSC",
         "target": "Yu lou  S.A. de C.V."
      },
      {
         "arrivaldate": "2035-01-10",
         "hscode": 940360,
         "generated_by": "mackerel",
         "dataset": "MC2",
         "source": "xi\u01ceo l\u00f3ng xi\u0101 LC",
         "target": "-49"
      },
      {
         "arrivaldate": "2034-09-24",
         "hscode": 940130,
         "generated_by": "mackerel",
         "dataset": "MC2",
         "source": "xi\u01ceo l\u00f3ng xi\u0101 LC",
         "target": "-49"
      },
      {
         "arrivaldate": "2034-11-05",
         "hscode": 481031,
         "valueofgoods_omu": 200085.0,
         "generated_by": "mackerel",
         "dataset": "MC2",
         "source": "xi\u01ceo l\u00f3ng xi\u0101 LC",
         "target": "Fresh Ltd. Liability Co"
      },
      {
         "arrivaldate": "2034-12-27",
         "hscode": 847989,
         "generated_by": "mackerel",
         "dataset": "MC2",
         "source": "xi\u01ceo l\u00f3ng xi\u0101 LC",
         "target": "TunaTreat Company Marine sanctuary"
      },
      {
         "arrivaldate": "2035-02-19",
         "hscode": 30617,
         "valueofgoods_omu": 111060.0,
         "generated_by": "mackerel",
         "dataset": "MC2",
         "source": "Black Sea Anchovy Pic Wharf",
         "target": "Rift Valley fishery Inc"
      },
      {
         "arrivaldate": "2034-10-20",
         "hscode": 640520,
         "generated_by": "mackerel",
         "dataset": "MC2",
         "source": "Mar del Caribe LLC",
         "target": "Pao gan SE Seal"
      },
      {
         "arrivaldate": "2034-12-17",
         "hscode": 950590,
         "generated_by": "mackerel",
         "dataset": "MC2",
         "source": "Mar del Caribe LLC",
         "target": "Pao gan SE Seal"
      },
      {
         "arrivaldate": "2035-01-05",
         "hscode": 630790,
         "generated_by": "mackerel",
         "dataset": "MC2",
         "source": "Mar del Caribe LLC",
         "target": "Pao gan SE Seal"
      },
      {
         "arrivaldate": "2034-07-14",
         "hscode": 851830,
         "generated_by": "mackerel",
         "dataset": "MC2",
         "source": "Mar del Caribe LLC",
         "target": "h\u01cei d\u01cen Corporation Wharf"
      },
      {
         "arrivaldate": "2034-12-29",
         "hscode": 850980,
         "generated_by": "mackerel",
         "dataset": "MC2",
         "source": "Mar del Caribe LLC",
         "target": "h\u01cei d\u01cen Corporation Wharf"
      },
      {
         "arrivaldate": "2035-02-25",
         "hscode": 870899,
         "generated_by": "mackerel",
         "dataset": "MC2",
         "source": "Dutch  Ltd. Liability Co Consultants",
         "target": "h\u01cei d\u01cen Corporation Wharf"
      },
      {
         "arrivaldate": "2034-11-07",
         "hscode": 640291,
         "generated_by": "mackerel",
         "dataset": "MC2",
         "source": "Mar de la Felicidad NV Investment",
         "target": "Selkie GmbH Marine life"
      },
      {
         "arrivaldate": "2034-11-22",
         "hscode": 640419,
         "generated_by": "mackerel",
         "dataset": "MC2",
         "source": "Mar de la Felicidad NV Investment",
         "target": "Selkie GmbH Marine life"
      },
      {
         "arrivaldate": "2034-09-08",
         "hscode": 210320,
         "valueofgoods_omu": 570.0,
         "generated_by": "mackerel",
         "dataset": "MC2",
         "source": "Coral Rojo \u041e\u0410\u041e Lighthouse",
         "target": "Costa de la Felicidad Shipping"
      },
      {
         "arrivaldate": "2034-12-06",
         "hscode": 160521,
         "valueofgoods_omu": 147075.0,
         "generated_by": "mackerel",
         "dataset": "MC2",
         "source": "Danish Plaice Swordfish AB Shipping",
         "target": "Mar del Este CJSC"
      },
      {
         "arrivaldate": "2034-11-03",
         "hscode": 30615,
         "valueofgoods_omu": 70305.0,
         "generated_by": "mackerel",
         "dataset": "MC2",
         "source": "Vleikurper Limited Liability Company Transport",
         "target": "Belgian Shrimps Ocean Corp Holdings"
      },
      {
         "arrivaldate": "2034-11-30",
         "hscode": 845590,
         "valueofgoods_omu": 2800.0,
         "generated_by": "mackerel",
         "dataset": "MC2",
         "source": "Maharashtra   Compass Ltd. Liability Co Transportation",
         "target": "Costa de la Felicidad Shipping"
      },
      {
         "arrivaldate": "2034-10-16",
         "hscode": 660191,
         "generated_by": "mackerel",
         "dataset": "MC2",
         "source": "Mar del Para\u00edso Sp",
         "target": "Turkish Salmon A/S Marine"
      },
      {
         "arrivaldate": "2034-11-25",
         "hscode": 210690,
         "generated_by": "mackerel",
         "dataset": "MC2",
         "source": "Oceanic Oracle GmbH & Co. KG",
         "target": "Ancla Azul Transportation Seafaring"
      },
      {
         "arrivaldate": "2035-01-26",
         "hscode": 851821,
         "generated_by": "mackerel",
         "dataset": "MC2",
         "source": "Oceanic Oracle GmbH & Co. KG",
         "target": "Sea Breezes GmbH & Co. KG Shark"
      },
      {
         "arrivaldate": "2034-12-22",
         "hscode": 847989,
         "generated_by": "mackerel",
         "dataset": "MC2",
         "source": "Arunachal Pradesh s Ltd. Corporation Coast",
         "target": "Portuguese Tuna A/S Cargo"
      },
      {
         "arrivaldate": "2035-02-28",
         "hscode": 845290,
         "generated_by": "mackerel",
         "dataset": "MC2",
         "source": "j\u012bng GmbH Marine conservation",
         "target": "Himachal Pradesh   A/S Marine conservation"
      },
      {
         "arrivaldate": "2034-03-19",
         "hscode": 30729,
         "valueofgoods_omu": 168030.0,
         "generated_by": "mackerel",
         "dataset": "MC2",
         "source": "Seashore Sanctuary N.V. Consultants",
         "target": "Diao yu bi sai  Ltd. Liability Co"
      },
      {
         "arrivaldate": "2035-02-23",
         "hscode": 940161,
         "generated_by": "mackerel",
         "dataset": "MC2",
         "source": "Aquatic Adventures Ltd. Liability Co",
         "target": "Fisherman's Best Marine conservation"
      },
      {
         "arrivaldate": "2034-11-14",
         "hscode": 570330,
         "valueofgoods_omu": 33205.0,
         "generated_by": "mackerel",
         "dataset": "MC2",
         "source": "SeaScape Foods Ltd. Liability Co",
         "target": "h\u01cei d\u01cen Corporation Wharf"
      },
      {
         "arrivaldate": "2034-08-13",
         "hscode": 200949,
         "generated_by": "mackerel",
         "dataset": "MC2",
         "source": "Playa del Mar OJSC Jetty",
         "target": "Playa Blanca Sagl Shipping"
      },
      {
         "arrivaldate": "2034-10-19",
         "hscode": 410510,
         "generated_by": "mackerel",
         "dataset": "MC2",
         "source": "CoralCrest Inc and Son's",
         "target": "Caracola Azul Ltd. Corporation"
      },
      {
         "arrivaldate": "2035-02-15",
         "hscode": 210690,
         "generated_by": "mackerel",
         "dataset": "MC2",
         "source": "S.A. de C.V. Sagl",
         "target": "N\u00e1utica del Sol Corporation"
      },
      {
         "arrivaldate": "2035-01-31",
         "hscode": 845020,
         "generated_by": "mackerel",
         "dataset": "MC2",
         "source": "SeaBass  Leska N.V. International",
         "target": "Punjab  Market Ltd. Corporation"
      },
      {
         "arrivaldate": "2034-11-29",
         "hscode": 160540,
         "valueofgoods_omu": 117030.0,
         "generated_by": "mackerel",
         "dataset": "MC2",
         "source": "LLC S.A. de C.V.",
         "target": "Niger Bend   Limited Liability Company Marine ecology"
      },
      {
         "arrivaldate": "2034-06-19",
         "hscode": 392690,
         "generated_by": "mackerel",
         "dataset": "MC2",
         "source": "The Salty Dog Logistics Leska",
         "target": "-63"
      },
      {
         "arrivaldate": "2034-11-14",
         "hscode": 852341,
         "generated_by": "mackerel",
         "dataset": "MC2",
         "source": "Cameroon Estuary  Co Investment",
         "target": "Caracola del Sol Services"
      },
      {
         "arrivaldate": "2035-02-07",
         "hscode": 490199,
         "generated_by": "mackerel",
         "dataset": "MC2",
         "source": "Estrella de Mar Consultants -",
         "target": "Caracola Azul Oyj &"
      },
      {
         "arrivaldate": "2034-11-24",
         "hscode": 950300,
         "generated_by": "mackerel",
         "dataset": "MC2",
         "source": "b\u00e1i su\u014d w\u011bn l\u00fa AS",
         "target": "h\u01cei d\u01cen Corporation Wharf"
      },
      {
         "arrivaldate": "2035-02-07",
         "hscode": 640520,
         "generated_by": "mackerel",
         "dataset": "MC2",
         "source": "Jiyu  Barracuda A/S Line",
         "target": "Estrella de la Costa Ltd Distribution"
      },
      {
         "arrivaldate": "2035-02-01",
         "hscode": 30472,
         "valueofgoods_omu": 164145.0,
         "generated_by": "mackerel",
         "dataset": "MC2",
         "source": "Cape of Good Hope   Corporation",
         "target": "Belgian Cod BV Solutions"
      },
      {
         "arrivaldate": "2034-09-10",
         "hscode": 843680,
         "generated_by": "mackerel",
         "dataset": "MC2",
         "source": "Nagaland Sea Catch AS",
         "target": "h\u01cei d\u01cen Corporation Wharf"
      },
      {
         "arrivaldate": "2035-03-01",
         "hscode": 848620,
         "generated_by": "mackerel",
         "dataset": "MC2",
         "source": "Beach Breakers Ltd. Corporation Marine conservation",
         "target": "h\u01cei d\u01cen Corporation Wharf"
      },
      {
         "arrivaldate": "2034-03-29",
         "hscode": 640419,
         "generated_by": "mackerel",
         "dataset": "MC2",
         "source": "Poseidon AG Marine sanctuary",
         "target": "Togo  S.A. de C.V."
      },
      {
         "arrivaldate": "2034-08-05",
         "hscode": 390210,
         "valueofgoods_omu": 27410.0,
         "generated_by": "mackerel",
         "dataset": "MC2",
         "source": "Asiotr Green  SE Marine sanctuary",
         "target": "Coral Cove BV Delivery"
      },
      {
         "arrivaldate": "2034-10-23",
         "hscode": 160420,
         "valueofgoods_omu": 49205.0,
         "generated_by": "mackerel",
         "dataset": "MC2",
         "source": "Irish Mackerel Ltd. Liability Co Marine mist",
         "target": "Sailors and Surfers Incorporated Enterprises"
      },
      {
         "arrivaldate": "2034-08-13",
         "hscode": 30732,
         "valueofgoods_omu": 130130.0,
         "generated_by": "mackerel",
         "dataset": "MC2",
         "source": "Oceanfront Oases A/S Transportation",
         "target": "Caracola del Sol Services"
      },
      {
         "arrivaldate": "2035-02-17",
         "hscode": 848390,
         "generated_by": "mackerel",
         "dataset": "MC2",
         "source": "Senegal River  AS International",
         "target": "Coral Cove BV Delivery"
      },
      {
         "arrivaldate": "2034-11-27",
         "hscode": 293190,
         "valueofgoods_omu": 4400.0,
         "generated_by": "mackerel",
         "dataset": "MC2",
         "source": "Surf's Up  Kga Solutions",
         "target": "Surf's Up s AS Brothers"
      },
      {
         "arrivaldate": "2034-10-23",
         "hscode": 830160,
         "valueofgoods_omu": 6905.0,
         "generated_by": "mackerel",
         "dataset": "MC2",
         "source": "Coral Cove GmbH & Co. KG Solutions",
         "target": "Saharan Oasis  SRL Merchants"
      },
      {
         "arrivaldate": "2034-11-23",
         "hscode": 854140,
         "generated_by": "mackerel",
         "dataset": "MC2",
         "source": "Leucosia Limited Liability Company Marine conservation",
         "target": "Sailors and Surfers Incorporated Enterprises"
      },
      {
         "arrivaldate": "2035-03-01",
         "hscode": 841830,
         "generated_by": "mackerel",
         "dataset": "MC2",
         "source": "Barents Sea  GmbH Cargo ",
         "target": "Coral Cove Corporation Delivery"
      },
      {
         "arrivaldate": "2035-01-24",
         "hscode": 841830,
         "generated_by": "mackerel",
         "dataset": "MC2",
         "source": "Barents Sea  GmbH Cargo ",
         "target": "Ancla Azul Transportation Seafaring"
      },
      {
         "arrivaldate": "2034-09-02",
         "hscode": 420222,
         "generated_by": "mackerel",
         "dataset": "MC2",
         "source": "Blue Water Ventures NV",
         "target": "h\u01cei d\u01cen Corporation Wharf"
      },
      {
         "arrivaldate": "2034-09-19",
         "hscode": 843149,
         "generated_by": "mackerel",
         "dataset": "MC2",
         "source": "Costa de la Felicidad GmbH",
         "target": "-64"
      },
      {
         "arrivaldate": "2035-02-21",
         "hscode": 20230,
         "valueofgoods_omu": 113010.0,
         "generated_by": "mackerel",
         "dataset": "MC2",
         "source": "Mar y Viento A/S",
         "target": "Coral del Sur LC Export"
      },
      {
         "arrivaldate": "2034-12-13",
         "hscode": 200899,
         "valueofgoods_omu": 53235.0,
         "generated_by": "mackerel",
         "dataset": "MC2",
         "source": "Anthony Limited Liability Company",
         "target": "Zambezi Valley  SRL Overseas"
      },
      {
         "arrivaldate": "2035-01-08",
         "hscode": 392490,
         "generated_by": "mackerel",
         "dataset": "MC2",
         "source": "East Ltd. Liability Co",
         "target": "Yu xian  SRL Industrial"
      },
      {
         "arrivaldate": "2035-02-19",
         "hscode": 844790,
         "generated_by": "mackerel",
         "dataset": "MC2",
         "source": "b\u00e1i su\u014d w\u011bn l\u00fa BV",
         "target": "Coral del Sur Ltd. Corporation Investment"
      },
      {
         "arrivaldate": "2034-06-13",
         "hscode": 210690,
         "generated_by": "mackerel",
         "dataset": "MC2",
         "source": "Gulf of Tadjoura  AS",
         "target": "Sailors and Surfers Incorporated Enterprises"
      },
      {
         "arrivaldate": "2034-07-29",
         "hscode": 190590,
         "valueofgoods_omu": 16705.0,
         "generated_by": "mackerel",
         "dataset": "MC2",
         "source": "Gulf of Tadjoura  AS",
         "target": "Marmooska Hull Limited Liability Company Solutions"
      },
      {
         "arrivaldate": "2034-10-20",
         "hscode": 30617,
         "valueofgoods_omu": 203015.0,
         "generated_by": "mackerel",
         "dataset": "MC2",
         "source": "Baltic Sprat Pic Freight ",
         "target": "Rift Valley fishery Inc"
      },
      {
         "arrivaldate": "2034-08-28",
         "hscode": 850780,
         "generated_by": "mackerel",
         "dataset": "MC2",
         "source": "Blue Water Ventures Co",
         "target": "Ob River N.V. Shipping"
      },
      {
         "arrivaldate": "2034-11-15",
         "hscode": 390761,
         "valueofgoods_omu": 15810.0,
         "generated_by": "mackerel",
         "dataset": "MC2",
         "source": "Okavango River  NV Marine life",
         "target": "Caracola del Sol Services"
      },
      {
         "arrivaldate": "2035-02-27",
         "hscode": 190590,
         "valueofgoods_omu": 111060.0,
         "generated_by": "mackerel",
         "dataset": "MC2",
         "source": "The Sea Lion Incorporated",
         "target": "William Inc Marine sanctuary"
      },
      {
         "arrivaldate": "2034-12-30",
         "hscode": 190590,
         "valueofgoods_omu": 107005.0,
         "generated_by": "mackerel",
         "dataset": "MC2",
         "source": "N\u00e1utica del Mar AG",
         "target": "Mar del Este CJSC"
      },
      {
         "arrivaldate": "2034-09-11",
         "hscode": 848310,
         "generated_by": "mackerel",
         "dataset": "MC2",
         "source": "Chuan gou  Ltd Marine ecology",
         "target": "Saltwater Supreme \u041e\u0410\u041e Forwading"
      },
      {
         "arrivaldate": "2035-01-18",
         "hscode": 30617,
         "valueofgoods_omu": 176055.0,
         "generated_by": "mackerel",
         "dataset": "MC2",
         "source": "Manipur  Market Corporation Cargo",
         "target": "Sea Breeze Corporation Marine sanctuary"
      },
      {
         "arrivaldate": "2034-11-07",
         "hscode": 30617,
         "valueofgoods_omu": 147085.0,
         "generated_by": "mackerel",
         "dataset": "MC2",
         "source": "Manipur  Market Corporation Cargo",
         "target": "Caracola del Sol Services"
      },
      {
         "arrivaldate": "2034-11-08",
         "hscode": 160414,
         "valueofgoods_omu": 106020.0,
         "generated_by": "mackerel",
         "dataset": "MC2",
         "source": "Irish Trout NV Carriers",
         "target": "Isla Azul Seafoam GmbH & Co. KG Forwading"
      },
      {
         "arrivaldate": "2034-05-27",
         "hscode": 140490,
         "generated_by": "mackerel",
         "dataset": "MC2",
         "source": "Limpopo River  AB Consultants",
         "target": "-51"
      },
      {
         "arrivaldate": "2034-08-15",
         "hscode": 870899,
         "generated_by": "mackerel",
         "dataset": "MC2",
         "source": "The Salted Pearl AG Marine conservation",
         "target": "SeaTree Ltd. Liability Co Holdings"
      },
      {
         "arrivaldate": "2034-12-11",
         "hscode": 392350,
         "generated_by": "mackerel",
         "dataset": "MC2",
         "source": "Maharashtra   Limited Liability Company",
         "target": "h\u01cei d\u01cen Corporation Wharf"
      },
      {
         "arrivaldate": "2035-02-08",
         "hscode": 940510,
         "generated_by": "mackerel",
         "dataset": "MC2",
         "source": "Sea Breezes N.V. Canal",
         "target": "Caracola del Sol LLC"
      },
      {
         "arrivaldate": "2034-11-11",
         "hscode": 821000,
         "generated_by": "mackerel",
         "dataset": "MC2",
         "source": "SurfSide Limited Liability Company",
         "target": "Meghalaya  Sandbar S.p.A. Services"
      },
      {
         "arrivaldate": "2034-06-15",
         "hscode": 20442,
         "generated_by": "mackerel",
         "dataset": "MC2",
         "source": "Haryana Sea  Mussel Inc Export",
         "target": "Uttar Pradesh s Barracuda"
      },
      {
         "arrivaldate": "2034-09-10",
         "hscode": 848190,
         "valueofgoods_omu": 356190.0,
         "generated_by": "mackerel",
         "dataset": "MC2",
         "source": "Ancla Marina & Ltd. Liability Co Distribution",
         "target": "David Ltd. Liability Co"
      },
      {
         "arrivaldate": "2034-12-30",
         "hscode": 190230,
         "valueofgoods_omu": 44310.0,
         "generated_by": "mackerel",
         "dataset": "MC2",
         "source": "Ancla Marina & Ltd. Liability Co Distribution",
         "target": "Playa Blanca Sagl Shipping"
      },
      {
         "arrivaldate": "2034-12-21",
         "hscode": 650500,
         "generated_by": "mackerel",
         "dataset": "MC2",
         "source": "Victoria Falls   Pier Corp Solutions",
         "target": "-13"
      },
      {
         "arrivaldate": "2034-09-24",
         "hscode": 110813,
         "valueofgoods_omu": 21210.0,
         "generated_by": "mackerel",
         "dataset": "MC2",
         "source": "Caracola Marina - Plc Enterprises",
         "target": "Caracola Marina - Plc Enterprises"
      },
      {
         "arrivaldate": "2035-02-19",
         "hscode": 190590,
         "valueofgoods_omu": 118040.0,
         "generated_by": "mackerel",
         "dataset": "MC2",
         "source": "Caracola Marina - Plc Enterprises",
         "target": "h\u01cei d\u01cen Corporation Wharf"
      },
      {
         "arrivaldate": "2034-10-26",
         "hscode": 350691,
         "valueofgoods_omu": 151065.0,
         "generated_by": "mackerel",
         "dataset": "MC2",
         "source": "Telangana  Wakame CJSC United",
         "target": "Estrella de Coral AG Worldwide"
      },
      {
         "arrivaldate": "2034-11-08",
         "hscode": 294000,
         "valueofgoods_omu": 110035.0,
         "generated_by": "mackerel",
         "dataset": "MC2",
         "source": "Mar de la Luna Ltd. Corporation",
         "target": "-2"
      },
      {
         "arrivaldate": "2035-02-03",
         "hscode": 210390,
         "valueofgoods_omu": 134060.0,
         "generated_by": "mackerel",
         "dataset": "MC2",
         "source": "Saltwater Sanctuary NV Delivery",
         "target": "Mar del Este CJSC"
      },
      {
         "arrivaldate": "2035-02-12",
         "hscode": 870323,
         "generated_by": "mackerel",
         "dataset": "MC2",
         "source": "Selous Game Reserve  A/S",
         "target": "-52"
      },
      {
         "arrivaldate": "2035-02-06",
         "hscode": 852721,
         "generated_by": "mackerel",
         "dataset": "MC2",
         "source": "Selous Game Reserve  A/S",
         "target": "h\u01cei d\u01cen Corporation Wharf"
      },
      {
         "arrivaldate": "2034-11-03",
         "hscode": 830210,
         "valueofgoods_omu": 69665.0,
         "generated_by": "mackerel",
         "dataset": "MC2",
         "source": "Congo Rapids   Ges.m.b.H. Forwading",
         "target": "Stichting S.A. de C.V. and"
      },
      {
         "arrivaldate": "2035-01-11",
         "hscode": 30499,
         "valueofgoods_omu": 62360.0,
         "generated_by": "mackerel",
         "dataset": "MC2",
         "source": "Sea Spray AS Cargo",
         "target": "3 Oceanography \u041e\u0410\u041e Marine life"
      },
      {
         "arrivaldate": "2034-07-18",
         "hscode": 30732,
         "valueofgoods_omu": 89315.0,
         "generated_by": "mackerel",
         "dataset": "MC2",
         "source": "N\u00e1utica del Mar Barracuda",
         "target": "Pao gan SE Seal"
      },
      {
         "arrivaldate": "2034-08-26",
         "hscode": 940130,
         "generated_by": "mackerel",
         "dataset": "MC2",
         "source": "katushka Barracuda Inc and Son's",
         "target": "Edward S.A. de C.V."
      },
      {
         "arrivaldate": "2034-08-02",
         "hscode": 210690,
         "generated_by": "mackerel",
         "dataset": "MC2",
         "source": "Caracola del Este Plc United",
         "target": "Saltwater Supreme \u041e\u0410\u041e Forwading"
      },
      {
         "arrivaldate": "2035-02-28",
         "hscode": 30729,
         "valueofgoods_omu": 596535.0,
         "generated_by": "mackerel",
         "dataset": "MC2",
         "source": "Blue Nile  OJSC Logistics",
         "target": "Belgian Shrimps Ocean Corp Holdings"
      },
      {
         "arrivaldate": "2035-02-17",
         "hscode": 520852,
         "valueofgoods_omu": 180135.0,
         "generated_by": "mackerel",
         "dataset": "MC2",
         "source": "Northeast Sea S.p.A. Marine",
         "target": "h\u01cei d\u01cen Corporation Wharf"
      },
      {
         "arrivaldate": "2034-10-08",
         "hscode": 940130,
         "generated_by": "mackerel",
         "dataset": "MC2",
         "source": "Surf's Up s Corp",
         "target": "-5"
      },
      {
         "arrivaldate": "2034-07-15",
         "hscode": 30461,
         "valueofgoods_omu": 99330.0,
         "generated_by": "mackerel",
         "dataset": "MC2",
         "source": "j\u012bng GmbH & Co. KG",
         "target": "Costa de la Felicidad Shipping"
      },
      {
         "arrivaldate": "2034-07-07",
         "hscode": 420292,
         "generated_by": "mackerel",
         "dataset": "MC2",
         "source": "Joseph Ltd. Liability Co Transit",
         "target": "Coral del Sur Ltd. Corporation Investment"
      },
      {
         "arrivaldate": "2034-11-12",
         "hscode": 850300,
         "valueofgoods_omu": 187045.0,
         "generated_by": "mackerel",
         "dataset": "MC2",
         "source": "Jammu & Kashmir  GmbH & Co. KG and Son's",
         "target": "Rift Valley fishery Inc"
      },
      {
         "arrivaldate": "2034-08-21",
         "hscode": 392020,
         "generated_by": "mackerel",
         "dataset": "MC2",
         "source": "Lake Motoso  Sagl Brothers",
         "target": "Caracola Azul Ltd. Corporation"
      },
      {
         "arrivaldate": "2034-10-27",
         "hscode": 940350,
         "generated_by": "mackerel",
         "dataset": "MC2",
         "source": "Caracola de Coral Limited Liability Company Barracuda",
         "target": "h\u01cei d\u01cen Corporation Wharf"
      },
      {
         "arrivaldate": "2035-02-14",
         "hscode": 940360,
         "generated_by": "mackerel",
         "dataset": "MC2",
         "source": "Caracola de Coral Limited Liability Company Barracuda",
         "target": "h\u01cei d\u01cen Corporation Wharf"
      },
      {
         "arrivaldate": "2034-08-21",
         "hscode": 190590,
         "valueofgoods_omu": 98460.0,
         "generated_by": "mackerel",
         "dataset": "MC2",
         "source": "Tsha wamba Pic Barracuda",
         "target": "h\u01cei d\u01cen Corporation Wharf"
      },
      {
         "arrivaldate": "2035-02-02",
         "hscode": 844712,
         "generated_by": "mackerel",
         "dataset": "MC2",
         "source": "Mar del Oeste SE Logistics",
         "target": "l\u00fa y\u00fa GmbH & Co. KG"
      },
      {
         "arrivaldate": "2034-06-05",
         "hscode": 340600,
         "valueofgoods_omu": 160120.0,
         "generated_by": "mackerel",
         "dataset": "MC2",
         "source": "Playa de Coral OJSC",
         "target": "Kafue River  Seagrass Limited Liability Company Marine"
      },
      {
         "arrivaldate": "2034-10-10",
         "hscode": 20130,
         "valueofgoods_omu": 1393075.0,
         "generated_by": "mackerel",
         "dataset": "MC2",
         "source": "Jharkhand Sea  Inc Shipping",
         "target": "Selous Game Reserve  S.A. de C.V."
      },
      {
         "arrivaldate": "2034-10-26",
         "hscode": 732690,
         "generated_by": "mackerel",
         "dataset": "MC2",
         "source": "Belgian Scallop Sagl Merchants",
         "target": "Coral Cove BV Delivery"
      },
      {
         "arrivaldate": "2035-02-12",
         "hscode": 30311,
         "valueofgoods_omu": 609490.0,
         "generated_by": "mackerel",
         "dataset": "MC2",
         "source": "Logistics Ltd. Liability Co",
         "target": "h\u01cei d\u01cen Corporation Wharf"
      },
      {
         "arrivaldate": "2034-09-30",
         "hscode": 845221,
         "generated_by": "mackerel",
         "dataset": "MC2",
         "source": "The Sea Turtle AB",
         "target": "Coral del Sur Ltd. Corporation Investment"
      },
      {
         "arrivaldate": "2035-02-07",
         "hscode": 611430,
         "valueofgoods_omu": 130090.0,
         "generated_by": "mackerel",
         "dataset": "MC2",
         "source": "Liyu  Cod Company Brothers",
         "target": "Nazhivka & A/S Transport"
      },
      {
         "arrivaldate": "2034-08-17",
         "hscode": 620462,
         "valueofgoods_omu": 238155.0,
         "generated_by": "mackerel",
         "dataset": "MC2",
         "source": "N\u00e1utica del Sol S.A. de C.V.",
         "target": "Assam  Market Tilapia Ltd Worldwide"
      }
   ]
}